No,Address,Amount (BUSD - Testnet)
1,0x4943dD54dFE70f84C0176948deB53607b174cda1,2000
2,0x9fCFdB8158e982E9d3E3Cf9C9D29E9d4b1C75bc5,5000
3,0x39474464Cda40FaC8FA129Ddf3E52bF6b758b182,10000
4,0xd3ed630E67cfEDD5e045F69072b703E857A9f462,2000
5,0xB258c378A5d63295d973619c82Ba308d5dCa0779,5000
6,0x9ac3426b2576224B4D9A3180F1d2AabB7FfBE985,10000
7,0x640C18eaea1b97A765814fbc9247f534F9aE0559,2000
8,0xc482514229dF515a8D95DD5669465fEFb49BF56D,5000
9,0x675940c51aC71DE1aAa62C6d0AC1b5125352c418,10000
10,0xEcEbD57146DdfB8ECeEC4098F20097bA7a1E7fd2,2000
11,0xb39d93dBaC06eAA0Fc8993FDaAa8631207DBb6A8,5000
12,0x8CF26f5D7326475f09fdA53A51B3CC6b3B155746,10000
13,0xFF4df95b43A89724F23916A9C5aA41A6e9B1ce33,2000
14,0x5415241BbEEd6179F87Faf46EF78927a729ee446,5000
15,0x86a960feA7f960Fa8D0D7AdA6722c6A55398130b,10000
16,0x1ABfF60936510969e37dCc8b01a8db060e632bd1,2000
17,0x9D4E46399210382D8A45ffe1777D8e01A1872CAa,5000
18,0x4798bC074646628c9d2F9e3A8504bd405f2a5146,10000
19,0xA3acF946b34e66760Ede626a1887E989f556736b,2000
20,0xFA4937670686c09F180C71a9b93e2FfCC3A79F47,5000
21,0x2084BCCb005264E2cfBBdC80C0F241097dAF042c,10000
22,0x2D70047BE04Ac42Bc82c16Fe6ffbc83F11A55c70,2000
23,0x617F8D8F6C5E05C50e1aA3B0D221e0E32C2c12E1,5000
24,0x64766F7Fb8Ccc99c5FDba54e2e968d1d244B83Be,10000
25,0x51dF49f7F87382e08DE0D895bEB59b9CcBAee06c,2000
26,0x84399eD987faC85c52fA7e0B871fBb0a8e4Dcdfb,5000
27,0x5a7721a162C66A430591ae96Ad90526C6EA05762,10000
28,0x5F39c49e3146e444f2Bb4F06eaD86B37F050cAcb,2000
29,0x2E6e09230d5d24D0341bD22381701132a700dF67,5000
30,0x19C2F2c2830729821adCc21a940F3807Af5CDde9,10000
31,0xE3DbA54c331002405f1Af82C37aD5Be5700eB5b0,2000
32,0xBE4AA0296B2B217d03DDFfF792675cfCa96A95B4,5000
33,0x0e511D003abe057A197b456AA74C603E1598aD88,10000
34,0x74B88c5B61c33484AA2Cc4663188e97071a6C611,2000
35,0xD7f9a4b0c823bDCE2673FE11707551e2f9D32d6A,5000
36,0x7644424ac4490e3DC2810DF697AA0E1a30fd7e03,10000
37,0x471d14Eb7d215Bb59b5589BDd3298f336b8327B4,2000
38,0xdD75e51cf7c243C0C9005376C10aFcf8171F8f7B,5000
39,0xAfCf06e168ac95488101a49849833034Fd1F5169,10000
40,0xE31d164EC7cf870332246c65a919f64479B27cDB,2000
41,0x636e146CbB1d5c7e9a223F774CfAa6A383A5A846,5000
42,0x81394D75A3e6347FCE48DeBe830D82Ed30443450,10000
43,0xFF739Fb2226AbE16f4BFd0E1c3Df782631c9Dc80,2000
44,0x3346622FD6Ec2C4415a3efd301CF93C3E50166f0,5000
45,0x6af8476Ef4d93B85f2108BE8a58c8c422Edf13a6,10000
46,0x87E754A561f5D346b2Ba2C3b03cD8b4Cc0cc1b86,2000
47,0x893655bbcfcc2731B3e625853E783cB19933b0aC,5000
48,0x6ec1A58f644CEF420cEe3168c93aaF9f6666Ae5d,10000
49,0xD5Ae8c8675818b09b9e0544A92316Baf5093F1cD,2000
50,0xa9579503d9Cf256eAb3274343EC886DB1Cd312C3,5000
51,0xC30e7a9238D851D79BFd751449703bd79A0746bD,10000
52,0xA0b6f8101c5F9415d70CcE94D3963Bb2516bBb24,2000
53,0x8fb564A825183B8c2A140BB49e5044Aa245E465e,5000
54,0x38eE70E0059303c018155FCd617700E425bb0154,10000
55,0xeF67eda6B1Fea742144C8BfF59125D32553cB7e5,2000
56,0xD25665948B2757cAE16b12038ab6009c8a954b5d,5000
57,0x63C354886FB84eA4EF1B6a3Ee11d5c8c81D943D9,10000
58,0xd4Df34Bc12D0cf06828705572881bd60aCC7F26E,2000
59,0x9c80810A659b82ffc4bEf410B688202A2938Db9C,5000
60,0x662eEB42E6Afd6FD2DB032D0Ed5a527D3cFB6566,10000
61,0x699F18EaC08394C3BE516710EB4AE536f44371d0,2000
62,0x8772689D557a4e8DAFa44Ee63aE2fA04f2b953Db,5000
63,0x26f2c8f946e61C9280dEe7fe0AEAAD730a6D6D73,10000
64,0x6EBf0C6D43E6C6Efb4b326581f7D8FD7dD333e6c,2000
65,0xd96794498C7D695B7cD402A0D03Ab9F1792f52d0,5000
66,0x1B78de0532be7D4f2599Bb11990A2d563093Ee9b,10000
67,0x4E29cEF34412Bfd1C85C32441134b971D72B8039,2000
68,0x0D71C806e849a7f7c1De78958b421f97668c5D39,5000
69,0x80f416e2a854bb8C3Ed72792cf2dfd3f66F195fA,10000
70,0x051dc5e01154c09e9b4e7cAaF846Cfc882120ccD,2000
71,0x4a8A7B1519781a050746123f361BF2Cc3ba56935,5000
72,0x872c67bFfcC52859Ee35a21eBC0cC51cf1cF3221,10000
73,0x489D5F1BF27C92D32044D262f975466B030Cc561,2000
74,0x9a6AeDACAE25d0a98A6332fDEfD44aD156315f7b,5000
75,0xBd4B7955A89700167b3ACD04b438b3296588BBB1,10000
76,0x4Fb491631641e1aA50EEBd5C55Cf7be8E71990fb,2000
77,0xE8C97b082ad267e920c19847DfcCBa7714cfB90F,5000
78,0x4eCC1C0c297E2a57a7Ff1848496AB6a1b8a825Cd,10000
79,0xD65a05aC0F9a170e4D4697d0788A64692f9982b8,2000
80,0x34d873f5f9266Ee8B49Dbb392E4744718EaA2483,5000
81,0x1aABaC2aC717e880B0aECeDdB798FA2cf96a5809,10000
82,0x8dB5298171274D641284d0CA80B01bB200C01a01,2000
83,0x0f3eB81E6bFcdd29C079238e8071013Ba5A8168c,5000
84,0x68fff238DaFb1a18E38A6e8094484aA7A920cDcF,10000
85,0xF9bE20fFa0a86C1171403a72cFa4321714804e56,2000
86,0xB4571Bce13294Ec50F1013f49a7aAeE7ad123928,5000
87,0x86c95268769B6958D9533bad86f3212A91e17feF,10000
88,0x33EA8c82E8E52A5105dA5D5429850794b8d4635D,2000
89,0xbc84f9daf43823119d6b0Bb663f0928b365C0C09,5000
90,0x12B048DCc166Bc6ade22245Ffb74B982096c04d1,10000
91,0x0A10Ad76f21b3e51Da4EF65C3FdF127D92aeaf52,2000
92,0x4B4ecc1992830cE5e8411e3fD34dbec55eb81Be0,5000
93,0x9a9F8B3a9548298ddB22422FF1aD364c7DaDD844,10000
94,0xa52b8a970d503a10ff70c39024f10db48d6775c7,2000
95,0xB3F2EF8a1E8b299C4D60a4e8Bfb1caA3694c41bD,5000
96,0xA7BB9e2bF00C23D4532592b687AD899b92366635,10000
97,0xAeC1f74CCF8879be0D2FC745F139d0736a2915f2,2000
98,0x6D2Ff65e25e94EaD8FCF08b612bBd768B13a53b9,5000
99,0x3E810bdA529fF8A785C08ad76B1Be9182104B915,10000
100,0x53C974f811C85A0D0dffB275B72AE04e35b9365A,2000
101,0x6AAD07FD95169CE181B9e0CaEd7B7D581dc22780,5000
102,0x3C149CA49CBD9655360F490457cf25E629751867,10000
103,0xA6F216FF0dD6b35E3793374f0308e69717e810d5,2000
104,0x60fA918233DccfE7fD555d4Df883163fa7ECD283,5000
105,0x27D9Ac294fA1889A0fb32B4e1FD10Efa3645B56a,10000
106,0x1e4B5e2E94f7Cf09D2f0B61292617c863755bF20,2000
107,0x08CeD7A40aBa773d2511A5f68a0F10B2A01fB64c,5000
108,0xA3B10a7E4b6bc5fe786eBfCfb706F2CF9EFb9a88,10000
109,0xdCEF59cCD7e6Fbf1474f44d4Ce98846F47EaE330,2000
110,0x1DC8A1653EcdD65771112ED6a88854EfF47b6BEc,5000
111,0xEB0a85184F23D325593a5dF0DB3b82E823b52ff3,10000
112,0xF04c50634CCc5746720f679e8689e3198208636B,2000
113,0xe58366F9a7857Fd2C9945CEdaa92cf3F9CD716C4,5000
114,0x2be8ef5142E0f5953D96D20659e3DC504C42a1e4,10000
115,0x8534c93a95eD79a0d0FC496fb4d8c19A6193f0a0,2000
116,0x4E657C24Ba491A02399cd88e5192652A375e7273,5000
117,0xc15534EA729972fc21AEDE69cB7Ca16D60E8D342,10000
118,0x9e3D381facB08625952750561D2C350Cff48dc62,2000
119,0xF65DD12F857766C3b1a4E01E56b21968f8AeB404,5000
120,0xaFA548f8a1E82a93456A4eF62c951Bd2ec12bfF2,10000
121,0x7F6257Bf82ea5C8af511F59fe3fE5e63f1119302,2000
122,0x3D16103c750Cd3A8a9E8222323c17EC2CE1b8566,5000
123,0x388cdeEA5468F547F61190A0dd09Deb6716e5cAb,10000
124,0xB133bC8B220EE9A1d119b3857208cFc43Dad9e2B,2000
125,0x1562bb2211E1ec3A7a17b99a53C8ECC0190A512a,5000
126,0x2527E98Ae1cE14E1eac1baF3C2fBc9cA96D92642,10000
127,0x0285FfdE28b7a0d9d13aD51B026E996d53736728,2000
128,0x4F667166F20b0b28deB8f0F48B3F7154919F8EeB,5000
129,0x9DA2f5f6570414810f3014DB167EE89837Cfbc29,10000
130,0x46a63d3bE1140557E4d20adc7102D13443E298c9,2000
131,0x14DBb1Ac3A2B272FadDd18E30185c96083104979,5000
132,0xA757ba8dFF77143E9Fb004599322602B5D1234Bb,10000
133,0xE2B0922EBE61190d26811c1521ED29Edd2aa9559,2000
134,0x7A24A4b81f55CBbc1BDF3E6e8c437deeaB65b1dd,5000
135,0x416a618Eb906c46d28d9AaC1Fc1b3a65dCBD310b,10000
136,0xE7947C1c0CcD29cd344b87D862dD9A14B4d0049E,2000
137,0x8dF9505262083402d0850F85Ffc7F6D34bd38169,2000
138,0xE43dE6516110B844045c84d91c1857FB8B2008d1,5000
139,0xDE76a4adF9D6E085962EcDAcC86033f20Ac1d365,10000
140,0x0413C901f4a805F5FE5dF5E5F644254a66dE33f5,2000
141,0xcF8C23C94f5D69Cc00D9312370Df3001084714BC,5000
142,0x2DF2AA2165D76Ef0C3d3955CcAB95e2F8832F2C5,10000
143,0x928eA8d7330EaB4e98C75823820F787c2fc53bb5,2000
144,0x4453f8dcb031ab519d11202B331b222476B27572,5000
145,0x92A9b246108bF8825E29a3B66b44c47bBb5d5975,10000
146,0x5dAb896D5664b0168c3B8db768b093f457032379,2000
147,0x1786Eac1bb8cF13646C52647BC831596196De255,5000
148,0x7b489CA0347122f2Bc18B5Ed9149Bfc838C882dd,10000
149,0x2AEaf24e2AA493Bcb4C8b8f5fB1f89962A87D70A,2000
150,0x7bcCD2fC01ed22C26077B16aDE9718d157b9b782,5000
151,0x35478edB272601a239EDcFd84a45A2a6A3Df048f,10000
152,0x407B31dbfB445863D085ec6A23DF80eE06d490Fe,2000
153,0x28110ab26B4BD9f3A3f67704F31c5D69362D21ED,5000
154,0x6E181d6a6cA106608884dc499295d34Cc4574066,10000
155,0xc10EBaB6b3C5296525cDEaE37b7F9bd5A4A8e075,2000
156,0xA547B24A8790f2319B527faB8E66bf31D6E42548,5000
157,0x72404F96D14F6c1ce2d94e833231C659B98babE8,10000
158,0x3b420F7Af4505e4776955Be388a39e91A6cfc2a0,2000
159,0xbc92Af111a2b43d2aE8E2fD284b492F0FfaFa292,5000
160,0xB47cb784F81d684385535A41536Fb49829cCA9BE,10000
161,0x8552F4578787F0D74557f327298F79c2eAb65758,2000
162,0x5Ff7f9cE980676890D5b29D036fA14D65388f84D,5000
163,0xC1F98df0fe60454E67E413dC3D3b0B599FEC59F1,10000
164,0x6d0cf94Ff126029bB12eEB9cfE36f069Ce925a93,2000
165,0xA680D0462FE26777A0aaAD17BA3B22d6390EB077,5000
166,0x26a0142507B550442B448aD1D3C2a2DCd0FA3174,10000
167,0xAe77d9e4af0950cd30fA0Fe1c318f049071C9718,2000
168,0xCEe5925fd810585Da26D3b4F4133E47d35311d7a,5000
169,0x7a8AdEBa29Ae461015EEc40bc5Acdc9D98B3a599,10000
170,0x4d82A37DeeFF54FcB34dcAD91314242dF8184Ff8,2000
171,0xD6085929281Bb484763CA58cb06690e4f457D171,5000
172,0xCA9D0B9Cb055Dcc5688EBA48be9506Cb2006cc48,10000