Index,Wallet,Index,Wallet,Index,Wallet,Index,Wallet
1,0x00fBde794b88BbBC8539FAF64eed155225Bd541D,938,0x67C9d9f1f04FDAF13c536E9B11F1d83970A04F5C,1438,0xD2a1335e0D24b991aB2Da796226246d4671B8a40,,
2,0x01117b00a2B4a9B9D42BFABe5490Aa577738aCf7,939,0x67F54cF7ff3A664c19A944AF5e212597629Ad08f,1439,0xD37B7F7b38E98ef95b8090D4590a9214abebc28C,,
3,0x0158dDAc3390fC121511f11dfb252564fc323E0D,940,0x6864708D6294832539942779f524aeB1bA89bdeE,1440,0xD3a1BAF128A9E9376d77fDEcAA0a35d78080d242,,
4,0x01C550B8625E9488a48DfdB259d1960AD3471fA1,941,0x68780De6477e12f2E07e13525348b30f23467ceb,1441,0xd3A543C4800bf659875c39EE797595Af8F8f6b35,,
5,0x01CFBa9Bf3C7568eF1538F2526A816755A08C8DD,942,0x68a63F9445Bd5012232E1D8fa17d9E8121baCCCC,1442,0xd3ed630E67cfEDD5e045F69072b703E857A9f462,,
6,0x01e1B4f0AA771A5aE02ff72092c5A2a4b57A8eF3,943,0x68F5cFa59E4bE7bd44390c96dda1EE45D55a54D2,1443,0xd424FeCC8a18a277aBA7059f1C78a53E61213Bf1,,
7,0x025B0c5A93C78823255b391C794570e5EBf03FB4,944,0x68fff238DaFb1a18E38A6e8094484aA7A920cDcF,1444,0xD42722557672450Bb49a8B5382dA541FC4a0890d,,
8,0x0284224755e3b081e5748432fD04034E57786Dd1,945,0x699F18EaC08394C3BE516710EB4AE536f44371d0,1445,0xD44dfc24df67e8D6B467bae546F2E9f9A208Db83,,
9,0x0285FfdE28b7a0d9d13aD51B026E996d53736728,946,0x69b2Bfb19e5508618d7dB01764fc87EF8adcf4cB,1446,0xD455428A879221a06C813Ff0e0131d39aE2CF015,,
10,0x02c440FDCd628D697DBb24C6603253C7EfA0702E,947,0x69Fe131a035567f38b9a062582a1AAaDb2c80B80,1447,0xD4ca3FeC4462097E192DF3c2EF60CcD90b2a0728,,
11,0x0380c935D1f0694bdD44c4b1aA15d690cee6AB38,948,0x6a0c595A38f4Cf7Db183C7F9109e7E539Fd0fa97,1448,0xd4Df34Bc12D0cf06828705572881bd60aCC7F26E,,
12,0x0389F5337a6A984Fc05Da28B40DC51aD091c5925,949,0x6a2Dde5A6cfA3961F9275896b38175A33050064F,1449,0xd55395A1BbFedB89CE564A33D0372eF2a6F02E00,,
13,0x039c7320956110b7E9E350D382a354D6aCe8d2C0,950,0x6A4426133c6cac4Ae5773884F216cd65a064B32a,1450,0xd5A6E9f1f914940FD522EA285480540D7e51E0D6,,
14,0x03B345BD183b6c21d509C3F14CFF5d243F96E43c,951,0x6a9a88a62308F9d20A960cf67694723d9a43035A,1451,0xD5Ae8c8675818b09b9e0544A92316Baf5093F1cD,,
15,0x03ee972e5F3AD634C7a8fa824EC0a123Be903494,952,0x6AAD07FD95169CE181B9e0CaEd7B7D581dc22780,1452,0xD5F15FE1bfd63eE6737F2DA1a30A4712ce2C8552,,
16,0x0413C901f4a805F5FE5dF5E5F644254a66dE33f5,953,0x6aBbBF20878dA6416F67e7B50611C265F509ADb7,1453,0xD6085929281Bb484763CA58cb06690e4f457D171,,
17,0x0484FEa5D1E57B6f0cC80B7ab2d27B352138d63E,954,0x6af8476Ef4d93B85f2108BE8a58c8c422Edf13a6,1454,0xD64AD57221eeA38f02E3B5A52C345B46D413937F,,
18,0x04Ba2929812E47414611C6d2208C10F9C7381e03,955,0x6B497D9864A6adB0e529bF9Da4C8F45c706F06fC,1455,0xd658aaf9Fd36696c8f816ed80785BF516985aaED,,
19,0x050912f8d9713584d6941d75BFfDa6C762B19C07,956,0x6b6CD274016dFdAD2cDb5439914980cA0E7FA036,1456,0xD65a05aC0F9a170e4D4697d0788A64692f9982b8,,
20,0x051977af5Ca50E5232659E1d916061aab605BE91,957,0x6BFb099Da2DCDAdD9A3F3c3614931703fEfdee1f,1457,0xD6c26Ec125c7652dA813E3c8d77666bBAb85294C,,
21,0x051dc5e01154c09e9b4e7cAaF846Cfc882120ccD,958,0x6C4144ABF30E152bDa377b89bF61a9Dc729eD9fD,1458,0xD6f39501B45F9C6a9Ca283735298262cEEF87c6B,,
22,0x0553012ADaA91AFE5E14da46a306F3f3dA92f002,959,0x6c4aC175CA65738a6C8F6737cAfE2B126AFFB7CB,1459,0xD7099f5c5F454c759521e49Cf5f21F19dcbac5c7,,
23,0x05823E046c04Ac25D3b61282612c7B45652Bc679,960,0x6C6913a2E5500bF5F3D171c6e568f5E675854ACa,1460,0xd7590704Cc4cEdE0E4A6Edf876fb344D044EC5CB,,
24,0x0614473c6943Fa020B3e8dE3F96c24614E64Ecb5,961,0x6C885Dec702F708FD9Ab29Bdae1BB7EFA65ee44B,1461,0xd765AdE5492812483fb3417483969B26245afB5a,,
25,0x0640B8Fc19222032baFBf7f28ab8F0d3382AF1ee,962,0x6D0123104abE24D8903905147d9D88f8D20B4326,1462,0xd779fda59575A1658b69A7376807AA7958bAcCb4,,
26,0x068EFaCEe2170433E4416EB391c11Ea85f6d5034,963,0x6d0cf94Ff126029bB12eEB9cfE36f069Ce925a93,1463,0xD7884A3B48B45986967A6f579C089852dE570218,,
27,0x06B7e8e22a22871Bfde22C86367F2EdcBE922964,964,0x6D2Ff65e25e94EaD8FCF08b612bBd768B13a53b9,1464,0xD7B1C6B38C4addbFDd5432062643C8490c2fA19E,,
28,0x06d0e66C740144B756c401B54F5e5E02874B8e56,965,0x6d364975628e7471B66272442C9B37551254B26E,1465,0xD7D62353D70ad2ab48473B8dD06e6Ba3f3a7055c,,
29,0x06F167Ce274191D249fD080dB8743dFe92E47461,966,0x6DBb08b34be39B0A93A7776aEf64bAAB732A69db,1466,0xD7f9a4b0c823bDCE2673FE11707551e2f9D32d6A,,
30,0x07616edc98f3c6e4948E1e3e85BDAcBaf11e20b0,967,0x6dF4cdD5737cbc3d203405B1efb8d69861fF7D30,1467,0xd88aBe9c27035C3e9838c9722da8ae72f1c3AB11,,
31,0x077D835BA2Ce0F8cADe586935C59CE9b52a61771,968,0x6E181d6a6cA106608884dc499295d34Cc4574066,1468,0xD899640eEabF76D3DdfcaBA26f5f0FE64D3101F5,,
32,0x07D4988f0D734CD7888173283e3a12B3e2735439,969,0x6E2ABDc8FFbD0Cd4051C802D2A505389c612542a,1469,0xd8c4629e168C657a19feEBf1B9a28269ec298452,,
33,0x07eCE947739B8c7ccEDEC8dC05766a2A671d886c,970,0x6E2cc6304faA049Efd00660272a3E9cB09bBCFCB,1470,0xD8CF2517A5f21833D752B45D4AFd68eF445F5633,,
34,0x08A749d3196d4E537276DcA6972eAF7d9e9b10BD,971,0x6E93Bb5055AC15d24EB5E143FFD7983e3076dcD9,1471,0xd93db5088Cea67d9AFe89d9f69e0B63d15612221,,
35,0x08CeD7A40aBa773d2511A5f68a0F10B2A01fB64c,972,0x6EBf0C6D43E6C6Efb4b326581f7D8FD7dD333e6c,1472,0xD944162D4ae36F47ac295A8E5BbcC2F1a461F7F0,,
36,0x0909726D6905Ae79635168ecb8D31bd189164078,973,0x6ec1A58f644CEF420cEe3168c93aaF9f6666Ae5d,1473,0xd96794498C7D695B7cD402A0D03Ab9F1792f52d0,,
37,0x0915D0BEcB621cC652Ec679Df6fB0CC05e6aC22d,974,0x6EE617f753D274f57a18cFF80E465C7B18875484,1474,0xdAf6e4eD861A6Aba41F70268A964eFB03E13Ec8f,,
38,0x092dd06014315bC0c5c7604EC529A1d68CDfDf8c,975,0x6F3BA5947607940B0D944271d826bDbd12830836,1475,0xdb15c6559d739a07E0BB05FB8bE31c39FCEf7035,,
39,0x09494cd945Af663bBf50a7eC7C5377A9CFA91523,976,0x70350e9095747CEC362E4EA5D5C9A77B13a921C5,1476,0xDB1924089b00c5F794b4C7d144f2013CAeCf816C,,
40,0x0954E70393bE3555100B28D96f823e5Abcc353c9,977,0x70552Ae8A4f61865C91307197334a1c845235223,1477,0xdB2A6Ba97E169b152E5A56428D3655cCBB059226,,
41,0x0A10Ad76f21b3e51Da4EF65C3FdF127D92aeaf52,978,0x705f9Db9Bd4Bd0a2D20f6955316f7F2aec561E73,1478,0xDb35A5405EeC6a164315f994E1BBd36E764967d7,,
42,0x0B0f4E08B27E78F58e9d28Ab0aC5aD0a59341660,979,0x71006FD406a56cF4A18498710ea6E10C6CA87D34,1479,0xdCb25C7F5c128885345C383705AF14058469a4e7,,
43,0x0b67Dcc8B7d3bA7EEA8786Ba30E553258135ece8,980,0x716C65FBA9A9e924b79D19094C3b4864042e60b0,1480,0xdCEF59cCD7e6Fbf1474f44d4Ce98846F47EaE330,,
44,0x0b79a83130935eC3741899a497321547855f14a4,981,0x719eAFCdB41B0C4eac82E39D743FAD18D44C38c0,1481,0xdD75e51cf7c243C0C9005376C10aFcf8171F8f7B,,
45,0x0b8918e9ed21d6E10d5899052205c14a85F7e637,982,0x71E19774d18B23991843Ac75f324441Af2836d4C,1482,0xDdCEB1B71a588c8370B3Bb5215a01fd3d844b0FA,,
46,0x0B9A3E108216ef93C9817301BB218f0AB0F2A099,983,0x72404F96D14F6c1ce2d94e833231C659B98babE8,1483,0xDE04e00769ccaDfAD8964A0E98d815EbFDBbA6b2,,
47,0x0BB26964376867b8f84AB64b1658AA8A9F040AAF,984,0x72582e6F8242D54dd762d4601f534178d46e2AfF,1484,0xDE76a4adF9D6E085962EcDAcC86033f20Ac1d365,,
48,0x0be411F35fBbD988Dc3d3696aA8eFcC08C71014D,985,0x7259fA1902503F1D2E537c35165DC7c12675F724,1485,0xDF478D94efa3E517cEd31aBBBBb1692246038E2C,,
49,0x0c06b74a5901683d99A6Ec95347f94E29210296d,986,0x726c136453543DC0492BDB39594F96A3e8f0BbcE,1486,0xDF5585136517942fC4703f170cAa545b30A9687c,,
50,0x0c0f593Fb46f12104Ed33eD478d0DF10826f398A,987,0x72739E1420E5516f9B644414a81809f4099b8414,1487,0xe05fe26BcA6fC70b3Ad162321812F9CEd0CFbbb4,,
51,0x0cA729481c61Bbb57CaFe02fc894F4B19e399f93,988,0x72dEe56991FD9bC95Ff5C6EB90daf7fCb568A800,1488,0xe0BB2C51A9903736A91981292821D48e1535d223,,
52,0x0cB0d8779D5370BF08ecbA116f5f864FBEA3AD8B,989,0x73657B626B81e8942637Ad22dCd0F3b601B7c5aF,1489,0xe0c5EE929D1CC89cfE3259C242fF4DcdEF5A5F0f,,
53,0x0CB167E717bF87D20429662787C4B38352a0EE75,990,0x73BF17D3af166C2B4244062b36e0279caE884184,1490,0xE13B5DC2E3a8366079bFb0BD63d494C4F684604e,,
54,0x0cEc7a454fca78Ad1FD91DeF4b340564250bAef2,991,0x744C5029Dc974e043D304Fd94639314193bc6Ea5,1491,0xE1712baA9805dD062426d961467660A23D0AAf62,,
55,0x0Cf89332A2b9f3dE28fFFfF55bFbBb836A13812E,992,0x74665B1d7654FfdBcaec9cED46756774413e6774,1492,0xE2B0922EBE61190d26811c1521ED29Edd2aa9559,,
56,0x0D15c8A57A35090564170C02a8b326BF7d2076a6,993,0x7470xAFA16Ee7A05a6f6932c24610Aa9184c3f4Cb,1493,0xE2eAab605814cE2Fd1383b60c68a375fAca3d956,,
57,0x0D1db4bD9818b2363F4471DF7cBDc027ad3B9148,994,0x74B88c5B61c33484AA2Cc4663188e97071a6C611,1494,0xE31d164EC7cf870332246c65a919f64479B27cDB,,
58,0x0d2bc10a35765DAcA3f020E0D8b92834D857F535,995,0x74BEAe28970307937544d6EDf63BAeeacB53B8A0,1495,0xE32F72d9914bF2CC004cA25f0135570892df21D9,,
59,0x0D71C806e849a7f7c1De78958b421f97668c5D39,996,0x74C5d91c0C9ab8b763d86aB1a4eF7CA750B62755,1496,0xE3546adA9C6670077D0a6aE4f3B0604CbcC9773f,,
60,0x0d7e02f95691683dF7fe6f7a5A280EF188d266d4,997,0x74D6F17180b993C0eCb86E6f1148eAc15E7Daa7B,1497,0xE35afD11464De7B329804869C5DdA179FA4C8133,,
61,0x0D849216e11882cFCbFe407BBe86B8bEF7668fdd,998,0x74dDdA5a9a1155bE15376A8A500B1390Be50f51c,1498,0xE3b0e2d799936424bCA89C0C9deAC4bF9E92F157,,
62,0x0de84a013cf179efa20b527965b40ba59b7ef6fa,999,0x74E75bF7Fa589f593CC0c3e17dE3fFedfbad7ca6,1499,0xe3Bcf846520B6d71C3a474cceEfF801740D17c6B,,
63,0x0DfEebEfE49fF3D86A74C01EcE7c5Fcc46F243a3,1000,0x7512B0Ba184Bdc460b899596F51AdDe44768B2EE,1500,0xE3DbA54c331002405f1Af82C37aD5Be5700eB5b0,,
64,0x0dFF06b788B60c541f8b76679da7eF64F19c34B0,1001,0x75208Ea1b7Ad2F48838FCc17D0f33121FB468833,1501,0xE3e284361492b625Cc900a024e94032D6966f81C,,
65,0x0e1b7c16cb7123F39A550568e8a3B6081fd3E9a4,1002,0x752F685a7c6647605f5400E35c98e06FcA8887aF,1502,0xE43dE6516110B844045c84d91c1857FB8B2008d1,,
66,0x0e25DB9225D1a04A0F62d69d231c1F0E35FF4EcC,1003,0x7537aEA5dC907302c4b11c66BF14DD27A12331a6,1503,0xE45285154d9b2360e045929ab3821567770125cf,,
67,0x0e2e091221b1D79CCe17F240515443dc139C7d90,1004,0x753a66Aa07F83AA84A2951f34Eff9dbFd2Ca32A4,1504,0xE48017f0c144daD4425E44147440a425AA814562,,
68,0x0e511D003abe057A197b456AA74C603E1598aD88,1005,0x7540DA732768068459220284Ab44541A04c1c726,1505,0xE4CdE1977FE8c1b247b9aE01dfF8ab86ae7Da2B0,,
69,0x0e6f2912878df37336Af89A7B7B49Ac775466210,1006,0x75543AE5faF3621E3C089Fffb2c8aFBd01Ccc104,1506,0xE502Df6f53f57BfAf15a30a5BAfC0243eF11a7a7,,
70,0x0e88f4a75C30E44A6EC7772cA7FF54f132953d5d,1007,0x7562d78195aaF0e6E5C6b16ba46587Ac758f2DfB,1507,0xe5343b13635014Db56852d33cC95ee858d557238,,
71,0x0e9dd9bc9fcedb63c7ee212b796c9853b505c78b,1008,0x7573d43848eE5856ABD8cE34E44450dEa25990B2,1508,0xE548ccF58338DB6c6361cFD0EFE80F8E8A0Bd90D,,
72,0x0eba8a4e206FB4A1791E2Ae0F874a96659747C52,1009,0x75c1f97d910c53fc9463c48e9783c655efdd7b30,1509,0xe58366F9a7857Fd2C9945CEdaa92cf3F9CD716C4,,
73,0x0f3eB81E6bFcdd29C079238e8071013Ba5A8168c,1010,0x76206141ebf51692Db1f4114FC483DF624124bD7,1510,0xE5f0Fa71f65E38b9EC48497b625CB0A14D43ef8E,,
74,0x0f6776EeA16240C7933208c4c88674ad62747aEE,1011,0x7644424ac4490e3DC2810DF697AA0E1a30fd7e03,1511,0xE6B54e1534565101eC643f2377ec0030a2b9AeFA,,
75,0x0F8183Bda3b76DD37286ef8e7B9c93735302e5b7,1012,0x76448909Fb124aC5FC80172F0ab438f36F90Fb07,1512,0xe6bcB5Dc8918093bF61f92Cd41fBfD89C62c69Dc,,
76,0x0F99834bBD3Fb87A88d603c959A9E7E7C11D9267,1013,0x766918884EDAB8F6A701e346f4cDDcBe0a9Ca4f4,1513,0xe6d4fb4bDE7b871AC90c71a4aa78C10FB889298d,,
77,0x10426f88eB19Bc5C4219A6e5d779e760b170cD5C,1014,0x767D13792A74cd90e089C5eD7Ad6bd9e7B773c47,1514,0xe6e3360bD32aB3240eA1aa4a5C87987Ab8Ac4056,,
78,0x104ba5ac0F11Fa82BFCa1cb978Ec704192aF753a,1015,0x76960C26F958f64c2b3Cb62b08C519246119437C,1515,0xE7947C1c0CcD29cd344b87D862dD9A14B4d0049E,,
79,0x1083E95a18C5aa17FAb755EB5950C6759c61E37a,1016,0x769ebD6EE9264ACe412828100700A8F5448eD0F6,1516,0xE8393AAFF7D3dB0Ee3A56A6bD59a4359192aACF1,,
80,0x10ee7a2f81b752cD5Ee413965fa8dE73fe3E5062,1017,0x76BB8d81211E467Dbe7034Ab6FFcB66c20e02350,1517,0xE8a32b4d5C50522eA37E7B06e6A8038540249f25,,
81,0x11169B0d874765ac68d99FbfC5fAf22367F68C95,1018,0x76c52101C4E65b34B39037b4Dfa24bA3b3482E2B,1518,0xE8C97b082ad267e920c19847DfcCBa7714cfB90F,,
82,0x111dE33906D4f05318336866D866c9b4471BcF42,1019,0x77EE9E9d67464b102535C0d6E40Af884e15b722e,1519,0xE8cdd88A88643B20b660015A284C0755eB2981Bf,,
83,0x11Ba708363b7A1EB2a9b3895596a5C79E2b671fB,1020,0x77efeC2de2fe21E08F589AC632339bcBe303cBD2,1520,0xE902290df62193ac8Ac0d19b0357AD97dc99E914,,
84,0x11E132722aECE7E5ca49EE07C15B2D0E00cB5757,1021,0x7856A637cf00fB330f1d57D68C05EA9424616541,1521,0xE913e6Bcc4bB1b58CCaB7478fE6388459011A08E,,
85,0x11e94ef52abFb43A44C65D3ead509aC19396bAda,1022,0x78606d7215E4B0716C788aE1ACaB9eACD90529BD,1522,0xe9308Cd9A33B232A67E534486F6a0AAbc71dfeFE,,
86,0x120cEcc2Fb830BCDD8488b1e0fA9a04553b85552,1023,0x7887D13c63102D48fa6061F969F1d906c0D858cd,1523,0xE97c116162d9e9d3423D960E0d1F36b017407F5D,,
87,0x12351e7DF4a0609e497B5bdd8d954E39e873bd9A,1024,0x78edc7cBA389269d5929369b2bd83E9268904554,1524,0xeabf9E640868977E273A29b4a085bff8eEaa8894,,
88,0x127D1Cdaa07286D97710946D7F409fdEb35F5d36,1025,0x794019C864d1D410b308F48A0BE076d47DCd6612,1525,0xeACe8E5c8E4F3A4729196e25Ec734B813e56DAA8,,
89,0x129F747E5A4644CF0Abfc396b85636dEe87E2C39,1026,0x79741551C863d87bc3B483B964FE00B4348D3B72,1526,0xeaf0400B1d13b082A965A84bf6e381C147B1c176,,
90,0x12a528CF0Eba7703FAC22a217Fd750F06a662897,1027,0x798e12e3c0B3907441bfB2bd887741eA1044e933,1527,0xEB0a85184F23D325593a5dF0DB3b82E823b52ff3,,
91,0x12B048DCc166Bc6ade22245Ffb74B982096c04d1,1028,0x7991654B9353bC130da6A30bF37Cd1f2ee096C93,1528,0xeb4aCe1EE4aFeb10a93E89F2B96c6f1F3Fe526F3,,
92,0x12Cd8e6e5158a4C57E017F665520A226b8eFA7d4,1029,0x79fE3AeFB89F2E0dc834B53278992dE83B004A36,1529,0xEb56aB923f09648e3106D24174F109DcFBc5a80B,,
93,0x12D32E8Ee2eC066F2b698e2D11Ede2366989902e,1030,0x7A24A4b81f55CBbc1BDF3E6e8c437deeaB65b1dd,1530,0xeb96816E099a95a91F19d6cbe87Ae1888F2A17D7,,
94,0x12ece29A04287f83889d02188ee62023693e19e8,1031,0x7a6eDFfc78ACAcf15c37718BF54F27186cAFd7fF,1531,0xEBA0bf0a458F575829ab13166870656F2458Dee7,,
95,0x130129dd0cc3298090d716c6302a7776be7b7578,1032,0x7a8AdEBa29Ae461015EEc40bc5Acdc9D98B3a599,1532,0xeBea29a794eE7e4b6270BCa563f0F3B7e89b8023,,
96,0x1338161400e0E2462c0E4113ff6a8aDa1b7e00ce,1033,0x7a93fC5D95927c707490900CF05E830E7EefabbF,1533,0xec3003E36976E3c290293d58Fa75D630952A3102,,
97,0x134c6DD18c5fEa3905dcd0E7Fb7f7a68195A2381,1034,0x7AA04c40DC38A0A71f353BFb945F5b21f6207953,1534,0xEc81690dC43E63Ea01F983cD8a358824c81A64A5,,
98,0x13508b09186469Fe351D418c1DFBfcdBffA2A858,1035,0x7ab15d28e15230D97B9480856044bAa1427f9de9,1535,0xEcD63F03B25A4b46881A98549f64d06355755342,,
99,0x13634EB2B0E736b541DF51FF30c2b461c38AC5B1,1036,0x7ABe558dfCC4Abb8fAfd88D61AF53e2573BF71E3,1536,0xEcEbD57146DdfB8ECeEC4098F20097bA7a1E7fd2,,
100,0x13Af7a4F0489a61Ee82A8DED3eAeB277ed93C9D2,1037,0x7AEfC4fa246738DCee9ac010Faa721a97082FB93,1537,0xEd0eD9B7c2E9AB4087f89503c0DA16a66789C85E,,
101,0x1455C24C5c359fC191787F38976187221162f009,1038,0x7B170e4DD1068EF87c8cc9A9Bd594e57CE14b92D,1538,0xed51A0D234FF35E00E6ee5F04C13dfbC6517A996,,
102,0x14749c4812b203e69caaa9b443e672112202a67e,1039,0x7b489CA0347122f2Bc18B5Ed9149Bfc838C882dd,1539,0xED5BD143Ab90e84eb86A04143E2104dE8a4874a9,,
103,0x149b6654a4E70578d08A9d05986816359a8A2306,1040,0x7b99E2BE4E2D0b254BEE6024B9FD8cb7734d7517,1540,0xEd728Aa885ffa51cEfEaAfd74d94acC116EFE765,,
104,0x14AB3c93908DC449a87c2C1d8cE6F4a128B3C6d6,1041,0x7BAc6F54a2F1B8140f532324638FD45F89410cB6,1541,0xeDA728f316140FB4F4EC7c077Ee6Eb2F973c20C1,,
105,0x14DBb1Ac3A2B272FadDd18E30185c96083104979,1042,0x7bcCD2fC01ed22C26077B16aDE9718d157b9b782,1542,0xEdfF2Aa8636Ce8C2c461012713774563bc8Bb5E8,,
106,0x14Ec900c30feDF32C3fBF1b97CB2E925Af8237E7,1043,0x7C0130560346fdF7876A8308cc3AAEC76044F0DB,1543,0xEe855dced0014c4Bdf8e5022aA79984B695496f2,,
107,0x1517466690dE261D11d9Ba98Ad22f9Fe8c3804Db,1044,0x7Cc7ED3f122F848eE6B38d77c54c0Da460b95685,1544,0xEE9cA24FB62BFc021e1A46E09e1C1CbECD3341B5,,
108,0x1562bb2211E1ec3A7a17b99a53C8ECC0190A512a,1045,0x7cf2539aa555c093014db0ac9ee9278ce9262487,1545,0xEF2005f0931f6Bd9624f08BcE29000506a082191,,
109,0x156557932081F37e2f98d3d426eF6d1d4610e263,1046,0x7d5ea7af5A48fec3B53D8580f40E45E96531038A,1546,0xeF67eda6B1Fea742144C8BfF59125D32553cB7e5,,
110,0x15DeeA87BB25674bf721F4A0E582e715770e1ba9,1047,0x7d75407A64A635D975255E1D878927930c5f7728,1547,0xEF7f8943bd02f2491222c9F97243B32A2fa95381,,
111,0x162BD9781B61A0fA5Ef7B495745596b7484D6879,1048,0x7D759feD59e2F4A53c1DFc201Fd6e341CF7d914D,1548,0xeFd6929a2e1b02Bdd713b96397402F8F53DE9e30,,
112,0x1632DFD2799f905F6FED943E95a6F7C496F7d895,1049,0x7d9b71e40d7197eA2BB8705F1b89C2EA4a3121D2,1549,0xf02e84b65F2CA15a796c9ba634cfAa1Dd58f0d6f,,
113,0x1640ccE635862546C1d538D3D2C9EFc4CFf1FFfD,1050,0x7e23250Fa5775FaD680F74F116B1b29844AA617A,1550,0xF04c50634CCc5746720f679e8689e3198208636B,,
114,0x16437c5C8ce0b05336a0979eC8eDF13698176259,1051,0x7e61B2fbFd4F1f61153A7aCDDb9BD05d03BE699B,1551,0xF06Bf753881526603319657A2Fb2847BF71EBeBd,,
115,0x16bb219cfE765Cb01Ce9706c1F87EE5C9d4bbfba,1052,0x7eF0476BD967806B12c6E69Ecf429Fb3a782707f,1552,0xF0930213DE4b8F4953aC5D43660c49b81A28E0dB,,
116,0x16BF6418E81594be0DeA9c91644e7ad39e4b45Ff,1053,0x7f4c8f9571C2f0433CF117e0c6A3f567B6b3c88B,1553,0xF09D2eF125e6695341F5723c83FA6B84009b245E,,
117,0x16edDCf9c45A310778AC6B672421AE22B10f720F,1054,0x7F6257Bf82ea5C8af511F59fe3fE5e63f1119302,1554,0xF0B49d369fc56a8B7D71e94ef5dbfD23444A041D,,
118,0x174e98e0A602C822d62672749Cf88e0A24ae9cD8,1055,0x7f925640d323E92B261A190aeD2d090BE317B107,1555,0xf0e28ABf8520e98Cb4822e8D97Ca26552C21Ed79,,
119,0x1752B711bd6594dd30b181B115BeBAa6D8d0855c,1056,0x7F955f049C8C0BFfDD2C6e30aBB4201987685ec9,1556,0xf10e8FBf0124C25ABfb631870126E867D336206d,,
120,0x177664448914228C80cec95064f5f8a945ED86Ab,1057,0x7Fae52b7F1c1d9D4a4C8592D4D45b09b69af6ABe,1557,0xF1412ACEdde1bCf350723AA57cC4f132B40cFdA4,,
121,0x17785CC04870cA34B41531A06FE12b8c8adE9053,1058,0x7fb00ac860e88F17a52c3f692a309bf2F82D0518,1558,0xF191Ee9DA50928732FE62a9589aA72aD12318Ed7,,
122,0x1786Eac1bb8cF13646C52647BC831596196De255,1059,0x7fc680EA3236Abe929cFbcE659fF4975cDe46c9E,1559,0xF1a3e330D47a2607aFc09a9c665DEc65CdC98550,,
123,0x1799D16E8314c718C28BBf6675A192B8e47DcC7a,1060,0x8020fca77b0a91ccf7bae3fe3de0ae7f2f8baf4d,1560,0xf1e57E1E2185c76a57852b1EAC1c435C83C32978,,
124,0x17a53BD050552109FACf87c83f1cf86dd74C34c9,1061,0x80592fb5d551028139D64531A8Fe5F8293F30E73,1561,0xF21712bcDc8a2aD3E53FC67AdEE3Fa551C4518A9,,
125,0x1818699c0FD905d11821712485B9d53c61653cF0,1062,0x805F991C218Ea302De36fe834dE919ebb22C7c16,1562,0xf2DFDDc570e55e2582381627C7f7C7E6506c8d85,,
126,0x1818894805003A48458C481adc26Da635D08a7F1,1063,0x80D628C7fCecC44517BA0ccDdC5Ba0F6485680b5,1563,0xf2FE6627fc21eDb204ed466C9694423fdB81E3c8,,
127,0x18c611AeCf896850827c81A4F7871d22dfAD8F60,1064,0x80f416e2a854bb8C3Ed72792cf2dfd3f66F195fA,1564,0xF3265f161b7ACfeD94aA7E45F6c04CC6a9177557,,
128,0x1903971f8A42E7DA821E16142591524094f6cd2f,1065,0x81394D75A3e6347FCE48DeBe830D82Ed30443450,1565,0xf34853AcDc8E3AED7217Dcd71bD10D005bdDb1D9,,
129,0x1907901142118c258C89E5014E4d65562E5Edc0c,1066,0x81BD5E80c637a1eFb882a90A4C432905A20d7Cff,1566,0xF3817424dFFD5C8F4b4c4CBFC6afcDd023248A65,,
130,0x191447fAB0c5736380774CE5197e9Ccda7e835A2,1067,0x81f5D95562871f701eb2d10A8E511aEC5B1eCb33,1567,0xf43Fb6144dCeDF58961d01D61a7D55B4F070E45d,,
131,0x1952F290d23D447ee453C511434214a1239b28Ea,1068,0x820458f8D3b3213c69962Ab748Af5A64da3Eb3A0,1568,0xF47D6f875227d7174e130EF50699cc41c276E8A6,,
132,0x198c5D41Ac29eEeF72f3a445be0e37AE76a08Eac,1069,0x82264BdBbc6B5E2A372B6CA917cC8b3011e5f474,1569,0xf4b91F0E8fea2388b4f2Ad9b1422b55E27E80fc8,,
133,0x19C2F2c2830729821adCc21a940F3807Af5CDde9,1070,0x824737F53826c23C0Ac00f79C4Fb785b6AFbba01,1570,0xF4D8235154EDd37a8A3E7B97CF4aBaB9e20d0e12,,
134,0x19E898Da4E0A37C45073714846C836531700fB14,1071,0x8264cbD4dec9dc26576D348AFbFEEe58d7C5db80,1571,0xF518A35e006d4FE12B1258a92dfD4356C852b645,,
135,0x19fCb3da1830e93524eBD999eC022A0e1D307446,1072,0x826ACC084C4cb9afA4Ef41847D16937740F7E57D,1572,0xf58a938c6B8130070bbc410EC01b77D12Bfb5B55,,
136,0x1A18Ac89df8a6Ed54c497c46467d631f048D9753,1073,0x82cca926BB34c84881655D78e1a422ed465E3802,1573,0xf5b0077b3DaD3b2402149c471Aa91cE4ad284C66,,
137,0x1a2d23333772Def0a05d7897d76D83381963FF42,1074,0x82D5C8EdED04bdB1b4B07E08B41E9090E4F2399E,1574,0xf645Ffeefbe3284DC330C152445D683cbd895caF,,
138,0x1a6cc1ED993d7714722bCEEd0C4490f161E9b557,1075,0x82D89C516FfB5215746A4cF49bB1ace39ffF51F5,1575,0xF65DD12F857766C3b1a4E01E56b21968f8AeB404,,
139,0x1a8DA0a48a6E5655FabD682605453AA5CdDa44B1,1076,0x82ec508C85d4271c1dc4e29e3b4808c9D3d62632,1576,0xf67646e3D60c877Cd66EF8d476EF88843bd841c8,,
140,0x1aABaC2aC717e880B0aECeDdB798FA2cf96a5809,1077,0x82f7638DF5D80184A8F722296f7BE4C61483b6af,1577,0xf6f68aEDCA0b93f0868398577F22bEe684908056,,
141,0x1ABfF60936510969e37dCc8b01a8db060e632bd1,1078,0x833e6a1C5F039dE607b0C5E5e3A503d743b6334F,1578,0xf7068e9a54B0167F3771Ea6313DFAF4988150bCB,,
142,0x1AC3190d8b8e02Bb1a731Faa0762185Ac7C36405,1079,0x8343ef1776e40BfC364Ff442A0763f50Fef527f7,1579,0xf724b68a28b6463095c56aAEa7C73218408EAB12,,
143,0x1aC54ae7d8fca6E07605692813C003F0531bd99B,1080,0x8364B4B6e6fE3ccd0988341F63C0F93A4B62971e,1580,0xF77A3591b07A86788B57b11Bf2851b7BfA4E44D1,,
144,0x1B78de0532be7D4f2599Bb11990A2d563093Ee9b,1081,0x83C0A01Ba30A5fAb7B800eb3612eD308944ebf5b,1581,0xf7C9d2b4Abae6698DBaD860c4E3ac602461bBebF,,
145,0x1b8c7dD6f7896Ef2a2F7B92889fDfDAbB7Aec536,1082,0x842f0A35aB8a8872DAa318F6e2C7a3de404bD304,1582,0xF7f548D73fD8c0eDD095DE27A5d73bfBB45cD246,,
146,0x1C04F0a1dc93Fa46a7d62ab9BD390A5b0804d7BC,1083,0x84399eD987faC85c52fA7e0B871fBb0a8e4Dcdfb,1583,0xf8178d270BE6733a909EF11E93ade87a76bC61eB,,
147,0x1C1Ab198C077c38c92e5a02f14415989D543f00d,1084,0x8497116071d7dC0762Ae4D3d785C29f9641EC318,1584,0xF860a09C475d9de65cbD387bbD12c8B295094A10,,
148,0x1C29DCeeB21912777F6d688952E44559A9430846,1085,0x84d23b1936383bb5Aa222956090f7F52ac54C925,1585,0xF86Cc2AD7f2C77C316F63b8b27FE7F7C54e9E94a,,
149,0x1c47C8a43ba39817dFc5aE223C9D04ceE88A795E,1086,0x8534c93a95eD79a0d0FC496fb4d8c19A6193f0a0,1586,0xf8AA77D0DB3EcE6E0aE54536CfE6691FE6D4636B,,
150,0x1C9E7569ACDe8f2d55A4bd558f4670bAea4A52AE,1087,0x8552F4578787F0D74557f327298F79c2eAb65758,1587,0xf8E53A68304c739d1B2140D03aa3CD2Ee24B2A7c,,
151,0x1Cfab09C596CCA1DB5975181BAe57E68D8C573a3,1088,0x85c7703257ebf4c70E5ba656703329E14ED20972,1588,0xf8eA7A2A5cB51e73F34e3AA9ad012cF7B0062d99,,
152,0x1d2734c5F375a2956A79ef71Cc466c07CAF256d6,1089,0x861c7909B64b0e96825ab4d6373EffD47360E7Fd,1589,0xf8fA09800D4a2eB88B6F2A1f5742B2845A1cdff9,,
153,0x1D29e7707b475298a916A99C3d22193447E0BBB7,1090,0x861FbB1A46B6714535BfD5064004245745a77a6A,1590,0xf93277995ceacda91e21968ed6ca0d2367f994c7,,
154,0x1d76C9c788C974d21B55e5F70Eb090824BfD7Bac,1091,0x8629679a6d233FE74a8BDECe25Ce47D71d7D7D5b,1591,0xf95f51Bb3Dd5E36bEc31a428a40107169cC3E2a4,,
155,0x1dAdF999cF7af18292082F5CA381242b57264cde,1092,0x86a960feA7f960Fa8D0D7AdA6722c6A55398130b,1592,0xF970AB5F4ca962b7751600Ef518c96F53532611a,,
156,0x1DC8A1653EcdD65771112ED6a88854EfF47b6BEc,1093,0x86C4bbD6C65Bd481220a39397b5893B97520375e,1593,0xf976068ebf99E0FAd09B2E134d53B7eC7D3C9081,,
157,0x1de098c5a0511C2fCA4e9879b41c991AA10adf94,1094,0x86c95268769B6958D9533bad86f3212A91e17feF,1594,0xF9bE20fFa0a86C1171403a72cFa4321714804e56,,
158,0x1E15b5cC4300734694979E2A2Aae44F431030946,1095,0x86eb0eA8C2Ea5D897f95B2234a03FF12C3c18176,1595,0xf9f1C0e311d469fA2bF4f1f8197bAbF893b9F01f,,
159,0x1e28C6e7D5Bb5eb08EdA563eC59998211ab3C7Fa,1096,0x87064421789a872Be63A5b8DE06930Bf7b4A5BCa,1596,0xfA24879b36C0395639E158918A3677d3D4f77331,,
160,0x1e336842f10060dF184201A72A128Ee890dE6EF6,1097,0x872c67bFfcC52859Ee35a21eBC0cC51cf1cF3221,1597,0xFA4937670686c09F180C71a9b93e2FfCC3A79F47,,
161,0x1e4719F7536cc0FB7a245aAF3c8c2dDffa2552b3,1098,0x8772689D557a4e8DAFa44Ee63aE2fA04f2b953Db,1598,0xFAE535B5C08cf8556f7e7446E9d4CEa270eD6901,,
162,0x1e4B5e2E94f7Cf09D2f0B61292617c863755bF20,1099,0x877444579532453050720cEd6a8A66C0c60B04C8,1599,0xFb106Cd797B1Af8F3001cc09FB70ad56bfa4eCb3,,
163,0x1E949a8A103d7eFf97b90E4b3b52ba4209678808,1100,0x8788AA463cA9d7f52DfEBeEf18592337B0a0B254,1600,0xfb15DfFD94522ec8D990aA7084b90f810D988cD8,,
164,0x1EaEb24678b33Cf3C7a9E1D10e2605057edcC7BF,1101,0x8789eA17E53781bC0E745ABF786173F6d63185A6,1601,0xfB26d3d7A426bAfD88941370F3c213B92ce19C81,,
165,0x1eB1037030F73bb083cFC8b244dE2ECF42C8721b,1102,0x87E754A561f5D346b2Ba2C3b03cD8b4Cc0cc1b86,1602,0xFC5E3A64C047f7EE7a5f76e4AaD252284719B154,,
166,0x1F1e984B3091be9279069EbBD4bfBF2715c589fe,1103,0x87F6B02c558605Ca718498C4D5F9b7F171d2a347,1603,0xFD2ceb17420eCba3Bdf60e2015Cafa31d500bA10,,
167,0x1F455f60D830Db59716EDAE884cb2fb3e29f772c,1104,0x881B085d9C9fF9b677aA73B0bB4a6Ef91ce5A965,1604,0xfD3599b2c33bB456897DdAF6d2AE131ABa4C28A8,,
168,0x1f6204Ee5131EaAFC11c5c4FB25dF6D24892bdA6,1105,0x885d6A9B7533356Cf54D8f5137350D3d40C1d4bA,1605,0xfd62D73a049A7BECBD54D9F81db2747dCddAc022,,
169,0x1F8d5D42fBc063E4D0732133BeC7Ae811359B373,1106,0x88f3255702f3414291A7634506495194fc2D4Dd1,1606,0xFd69c245062f843bbfc481E7a87E393bC28a9f67,,
170,0x1f9c99D9A9a167726009223FbD74FAe9E4d9AA1C,1107,0x8916FF9c15a674C219121BcD3684fbA4165CA168,1607,0xfd7351407e5947D1314B9dBaf6daccd7ab6AcD08,,
171,0x200b8b8D480A7BFff0006299C7Cf864e12ADdCE3,1108,0x891965AA1a52e9A129bDE7303fD7e6263884a4ee,1608,0xFD9407D78582db52d5878Ca2b94dB7444829d8Ba,,
172,0x200f22CE3198c7d688267f2cC96cCb8A25467E3D,1109,0x893655bbcfcc2731B3e625853E783cB19933b0aC,1609,0xfdc57DEE48bE61Fb395937e0df02f6297FA6c24F,,
173,0x204e13afFb7E3a60F627e9616D7E740d779c39Bb,1110,0x893F3a39b34dcc76Bd8581935C6206a02F39d708,1610,0xfE3d4CA7fD81c04e41841B3C170BcF3D338a2916,,
174,0x2084BCCb005264E2cfBBdC80C0F241097dAF042c,1111,0x8a15fe0f225238fDCa92b5dF45F507EBb3c3835b,1611,0xfe75e2f963B05908157c7D652a5599C31CccB730,,
175,0x20aB14b8f98c12632e2ff4a60a4cbE698af0c483,1112,0x8A5c84ec585f3f404ef9eA137f848Af077EED407,1612,0xFEADdd46C6CCe9351ED9B3978a94CCaD10EC85C6,,
176,0x2154E2aD1c7c5CaCE306B6486617c01E773f8feB,1113,0x8A6d20E9A9EFeae60697573189E3CC9c329BDfc2,1613,0xfEDF421e3Cd9B600c4Ba49bF0A8398da1E0d2735,,
177,0x21679e7F59Bab407F204ADa9b8C0BA9B59183379,1114,0x8aeE3381Ef5d89D181114ED57e8F04d59BB4a2C4,1614,0xff27ce441a46522c41DFB10C9E40c094A83C1dcb,,
178,0x217C85164A89F9Bb8a1EEdb2C5010d527FF846cF,1115,0x8B584BE95E78BC3D8C3A65351B78b19a12aC33F4,1615,0xFf2F34eD219035BDaeB0613d0F1dD1F283dA5705,,
179,0x21Ff54419E2e7DB89aFA760C7522F27f34d96150,1116,0x8c2f600002527485B7E264789C8c12A258c7c0fa,1616,0xFF4df95b43A89724F23916A9C5aA41A6e9B1ce33,,
180,0x221B3C336754B155e3D72318B88F30F02B36158f,1117,0x8C4c8547753c99EA803B981522053A6862720082,1617,0xFF5c43F804D91Cd23C9Cf9E390A5D5074CC2cDE6,,
181,0x222252c22C5c955c894F867E67251dB39cadD158,1118,0x8CD8c077D0D8BE712465E429A4A5Cd60d833129F,1618,0xfF672b3351b01c2B62C5e52a78030fda59a511Ce,,
182,0x238E16A455ae3Dc524bc836e29aBB2dea7edD767,1119,0x8CF26f5D7326475f09fdA53A51B3CC6b3B155746,1619,0xFF739Fb2226AbE16f4BFd0E1c3Df782631c9Dc80,,
183,0x239601593DaA469E1c9DA305D250f9940DE93437,1120,0x8d1f164Bb645ef8A73c6c16DdC89914dDDB66Bda,1620,0xFfbeAf025167c59EC7fCe10668Ed81f86A2CFAB7,,
184,0x23E6EBbE307F79e1169ED951c9F9a2d8E6259673,1121,0x8d3393292892cfF3b4555E19cEe8F4d88C05feeB,1621,0xFFF9afd804BC80faCfc06d8B1c702D7C20D05961,,
185,0x24e789f31ffB81Edc8F0BbD6Dd6a0891D5eb4FD8,1122,0x8dB5298171274D641284d0CA80B01bB200C01a01,1622,0x00Ce9088a4e512F9137252d03A55aA1Fa51760b1,,
186,0x2527E98Ae1cE14E1eac1baF3C2fBc9cA96D92642,1123,0x8ddfC19CDBfA7977e9512488d70d9389C485d42F,1623,0x027A3DE6f21e0fB28cCDD5D9c011eef3c7db291B,,
187,0x25362d93fA7b595Ed921Bd622765C219b9558096,1124,0x8dF9505262083402d0850F85Ffc7F6D34bd38169,1624,0x02c2e0a09218F10104f0Ae8001eECB7bCa67CcFB,,
188,0x258C642301fBaa1a66c236d0eCff92A8006E9E72,1125,0x8dfB892A680B43f88cc6E2ff859cf3B25bf55252,1625,0x0387be2868006280F9FaD857585c4F512fc2b029,,
189,0x26141DCA5e6B97236452593839e7F3287bBC6E39,1126,0x8E3315c0921474df7f44D10583d27D21C2b661D4,1626,0x03C0Cb1c6D26C831E34dF74dDF180661f39325D8,,
190,0x267620528b2c86eF7BE2c5BaeC06a8949905f7E2,1127,0x8e7d1CA86f233A87EC62951985c85386734846C7,1627,0x0461d7A10167f383e14845F3e62F6A5b233919E5,,
191,0x26a0142507B550442B448aD1D3C2a2DCd0FA3174,1128,0x8f9F93b7dF0c830ABCfE810138eE165A951BC828,1628,0x046ae882f09Df84faFC82478d33fca1eFA669418,,
192,0x26f2c8f946e61C9280dEe7fe0AEAAD730a6D6D73,1129,0x8fb564A825183B8c2A140BB49e5044Aa245E465e,1629,0x04B3F849C84839054A7c5D26E7a3f9D822597313,,
193,0x27047071633395fdcd0543c7259e18366b3cacab,1130,0x905c05bfdE05EfB7a571A5736fF9e74f5A6038E4,1630,0x051E34563DD45f9E853C3A7Ad775526D41CFF9f2,,
194,0x27D9Ac294fA1889A0fb32B4e1FD10Efa3645B56a,1131,0x90D1595b66B0f8cdE24D179E1F629E69168F8580,1631,0x0522168ca2aAF806079C7CeaEE26d31c2A407B21,,
195,0x27E586860d0A3B7f43df375F3A551D8d59603DdE,1132,0x914E6d628a40CD56BB017048224626E34fe6694c,1632,0x05795c72db24998CB41430e80f7Fe26E4e38Cd34,,
196,0x28110ab26B4BD9f3A3f67704F31c5D69362D21ED,1133,0x9169fd7f0A82A2df43dF7766ceD7a89AF4b90F8a,1633,0x05e951f307785875da8a070b0d1b1f87df776b63,,
197,0x294c8ACB54228c9F38cc6Ae61BAd69B4d2DB749c,1134,0x91704Fa5877d5d145F97131F7BdeEE74906a9DEE,1634,0x06383c1c3dddc74f540129a1f82253d656ca8cec,,
198,0x2989E078323A35c79436FE5b786242BE8f1d792F,1135,0x91872c721918c7D154F179cA679696728bdE2938,1635,0x06B7fFCfE6d72E4eF862ea82DfD3dB747487166B,,
199,0x29cF260266D9ba76623Ff50b8BEa7A7BAB543DcC,1136,0x91878ec5288E944fD4A357022d60DbE9Ab49c46f,1636,0x06e5f8F662E5F2f631E57131131043CdEd55Ea69,,
200,0x29D208f877924A1D7FF385463C78960E05AAE7D5,1137,0x91cE32545434d1e4BF93154c0ADB4Edff818FA1C,1637,0x0736Ea342185335eB37cd30E85C4AA1913e3BD93,,
201,0x2A04de9fD8C70FE3bE34cb93db1296D96D80F489,1138,0x91d0761a333dFFD80645AF4AF1ffAacBb1590106,1638,0x076107D1E053B0F85695687961b9810579A72727,,
202,0x2a17936CE89C9f0D3De3976bf7177e95B8759e79,1139,0x91d8c140a4aee1598FC9f3Ce91D06E0912bC3807,1639,0x078c450C42b374a66C4963810127b5C18bE1Ed0D,,
203,0x2A4C1ed6D0CE70E221046d498CdD31241ddc400c,1140,0x922257F68C2BbA3fDbd2A9361A1D3a17EaD1Ee57,1640,0x087A05e34842B49974c06d046B0bbB95102c7899,,
204,0x2a5A95FD92654E9ebB0957e4E8d21d9425466b08,1141,0x92568894A6a7F76B33FD817f7A8aE00dcF938c84,1641,0x09551AB46657DcaaD1F1Ed92b8b699b49e2577eA,,
205,0x2A6e718A8fb6082dca42c9389F3FF79b27685fB1,1142,0x928eA8d7330EaB4e98C75823820F787c2fc53bb5,1642,0x0Acea1437f9bcE7D56Bb6C58A7535b8599B24f05,,
206,0x2a7BE71f2B3229aCA5f3FcFe5ce4f1f3a1c3B54e,1143,0x92A9b246108bF8825E29a3B66b44c47bBb5d5975,1643,0x0B22c9BF6109305fb194c1C3f42FC3E28839D802,,
207,0x2Aa9b80e5E4d4Cf2338b201B94a6159BEeC04915,1144,0x92D83f663f1C284028DA8A1383e16006127cb662,1644,0x0b2C05bbd4951487568247f42695DB8312E62133,,
208,0x2Ab9f0f9e48728ccebcB249401BfB5808BE670cf,1145,0x933d3Cc0320712AF7D8bCd4656Ebe5d8F0500e3b,1645,0x0B4Ae8b4E3A7433D7062E6C818F38Adbe378d9cC,,
209,0x2AEaf24e2AA493Bcb4C8b8f5fB1f89962A87D70A,1146,0x936F219880ECC89848297f7f88Fa29045B03da11,1646,0x0C2E03fca8F1B53e930209b6eb2f7cB557d66798,,
210,0x2B1e19A7DC4DD46eFDb80cA12f4fBD072Ca45fE8,1147,0x93Dcd7D6b1C9a9BC86A85BBa2e0AF10e3d40B650,1647,0x0c49F60A55522Cb8aCD237E603FFF858009B6cD3,,
211,0x2be8ef5142E0f5953D96D20659e3DC504C42a1e4,1148,0x93e10aC603758C146c65b6D999572C8949151402,1648,0x0Ca4D732f9F1B9E68E71a491BCFc611a69DEbF70,,
212,0x2Bfd6E9efc84752f24A9EB81B842263eAee1790c,1149,0x94fE4EA2AD1781605E00ceB3EcF72378372E9F00,1649,0x0cec0Cc2DfA6FD32c784abf88FEcAb8a00986aeC,,
213,0x2C0418C6f85de3dD9cEC4741918eAF100268e34C,1150,0x951408A888628a190ca7602908A582F9D4cCbE76,1650,0x0d144123815F48Abaeb4840A217F0df24a72113e,,
214,0x2C6Ce3365858F1D8182EDF9E2a26A10CA55279c8,1151,0x95516dCB8802334A8ca1409bD91f27E6B503c8E5,1651,0x0D846AF95ebE82341c3C25235F79Fb2E1E3E37eb,,
215,0x2c881093C89626060eF7cB36F324B48Ca53C1192,1152,0x95a5B91d7b8C4F5E688A1C16db2D8A6A85b46EA2,1652,0x0Dc6dF427af05D3f3B86FbedA26D6d644DddbCc6,,
216,0x2c8D6af483373a0939Dc294a7074ABB114e7347B,1153,0x95F015Cf42183cE4F24b5BAB8387eb9616dA69D4,1653,0x0DD52FA0D9A7DDD80C185E7667bD0A51b1Fa4A88,,
217,0x2D1A83f8db0C8820A1d7b17D56BE4681497D3F67,1154,0x96088E782b1087c4ca77366c64A6201336ADdeD1,1654,0x0E216C385c647157671Fea70d36c0219BFaE553E,,
218,0x2D560d4eA394D71d1d9B38E310c51048e2872D98,1155,0x965e9F52cAF4Ed12031F734f825B734641C1B635,1655,0x0E5e089b0B8B2D94ec80114ccb6A6EA5652CBA5d,,
219,0x2D70047BE04Ac42Bc82c16Fe6ffbc83F11A55c70,1156,0x968DCA11a650bF721CA914a7054C60a33fB9dBCa,1656,0x0E7BA05784380DB07568a50dF45cbE585919a194,,
220,0x2DBB9A6b57066FD5eC7C82A55fe539878385774a.,1157,0x975b75154a82B40a4271f91dde5A80217849cf3D,1657,0x0F1212de140e26fAC9732831466992B95DDaAc02,,
221,0x2DF2AA2165D76Ef0C3d3955CcAB95e2F8832F2C5,1158,0x977D7e58cDc07542cAA7C796034596CDA001f836,1658,0x0F15c7eBefB5cE23f0cd6847BD560B244123cfAA,,
222,0x2E13580a21Fd7fEd9BAB89761A637dd63245a4D5,1159,0x978093608c64969CaA18c4aD5A370d422d8d124D,1659,0x0F2ecb872307E05DAaAF28ae97959eC0b27A7b27,,
223,0x2E3f2FB60FCbdd44AACb136FDeF95864660F7Ec9,1160,0x97beffeE5dAf3F999DbAD3500c738B65d33EcCBF,1660,0x0F3B572130F6f3f89c2ADD47ED15a0882E0a1AB3,,
224,0x2E4e3049e690D115aEc8dE34fc47fde67041c6C5,1161,0x98003c31db754fe58e161f8c8c4e8d3623637b0c,1661,0x0F450c8fFA586Ddf6b66c335b339D51d42293b53,,
225,0x2E5460EAD00336fcB2D7D4Eb2cC202e6335BA13d,1162,0x984cdcc75A6bb1c8B02F5e10E1c95d946C3b2f2d,1662,0x0F514a33c1C0E40AD6001D890836a90C450DDc18,,
226,0x2E6e09230d5d24D0341bD22381701132a700dF67,1163,0x9861bdab9C0C5A3Ab8C8a8ceE990c4fa686E0ccF,1663,0x0F87182eb437c942288d5f3289890d463B70bD09,,
227,0x2f1c5d5bbfA9FeCbac5253Fcbf9dADC9B2F34f5d,1164,0x98666FA7Ef142Be8Ae31391d5f185C8d87F7A5eD,1664,0x0Fce5c6a94303F3b971D8CA9c1f23a52C30CB87c,,
228,0x2F23158efc11c579d2bD5b479b84DC5DA1807da5,1165,0x989493a611cCbcB4DAbdcd469AA763142CDC7691,1665,0x10744a55CE402f327C3CF428Be6807453227C395,,
229,0x2f58eA9C90a44B7EF5BC8efDa5cd1BB6969Aeafd,1166,0x98EbD38B9643F5F4C54d842e8E75e374a43834FB,1666,0x110E661d99740a4A429404b2D6108b6844093a5E,,
230,0x308763299FD9C4E92682F6514a02f0a052143AE8,1167,0x998488859De2008F7fEf81aa5ed40b21A665169E,1667,0x122F21De1D2b9F9b91BA1F07D49d1269a18d3199,,
231,0x308D826A4F1DefE825a9A18d25a3e3353AD84497,1168,0x99DFF3d48A229540556cFCE054260602D1Cc43bD,1668,0x139B5a780883Da501e98b635407FcEbE28eB0d5B,,
232,0x309F3B2aa816D9a31b00Cfd7371e452D6A889A5D,1169,0x9a47989ae5226ef721286F274a5Bea412C8c28B6,1669,0x13ce389353DDA15b3768A9E43B147d60E5999fD4,,
233,0x30A1019DdA9Bb7A953722442362AD6326D3E6aDD,1170,0x9a6AeDACAE25d0a98A6332fDEfD44aD156315f7b,1670,0x13e160C7e4A177Ffcc67f7a9ceFEd25fD1Cea09A,,
234,0x31028d3Ab826Ca4b421EdFb54092Dd6FE1Ac7f84,1171,0x9A6cE08E0371dC88dFCB31D4ddae4deE6a395720,1671,0x14b640c8da9890038aa7C009831333fbdD3E979d,,
235,0x315363Eae8b7E10deF6F3B1087142510bF51db94,1172,0x9a9F8B3a9548298ddB22422FF1aD364c7DaDD844,1672,0x15125B4883926C96F2642b83627F53B954fB8335,,
236,0x3244b0DAB221E4a250C92f1A72655dacCdbBaA07,1173,0x9aC066B15C2F9A3eAc5485c7ef5D9461820D89a6,1673,0x1516B0aF34868Ed9Fd19BE1850B492075727F331,,
237,0x32494915784adAa12319137ba855D3AD36bd769c,1174,0x9ac3426b2576224B4D9A3180F1d2AabB7FfBE985,1674,0x154514e4144d33A0DcfcCAACB3670669bC2e878B,,
238,0x32631b21180b98D9fdbc67020f646477C04A72B3,1175,0x9adF8aC3888C091BB2C71222b396cea119135f25,1675,0x15981a00362aedab6516CeB2E6599A04508D70F0,,
239,0x332bAb1a0D6280Ec9deC192A8d68f86b7Ef918E5,1176,0x9ae5c6B4E10A3F81CAb0f436ebeDC12FfeC37c43,1676,0x15E0fa9589a6bf3B7A118a62cD292592Fcff56a8,,
240,0x33306d9eBbcCD20132BD3B4313aa492f3e062996,1177,0x9aFF5832D12D9062d6a948980046D91dB4151dFc,1677,0x162d12dd156eD1eAcf0f5c81a2E59fBD7f13EDcC,,
241,0x3346622FD6Ec2C4415a3efd301CF93C3E50166f0,1178,0x9B2F7Ad9CF58E971687bF332797Fcba55BD68154,1678,0x16715f5A083506b9c28D78c550A845509A031Fd9,,
242,0x334b4bE6DD857f317CA64deDad64b21C7Adfc3A9,1179,0x9b7aF98E59EB6211a47fd3Adc2f1C18c961225dA,1679,0x176beDdF6f9E27b3BE3939b81692eDEE4E356140,,
243,0x33558c6164840f584db7AC9F3aaD059542af91fC,1180,0x9Bd792B95a6Cd9Bc790a549A33C54315b3D7ee79,1680,0x1795B24817b2A4970bf480e2d21c2ae5706785f2,,
244,0x33644b75902e6563d9ea1A8D50eB5DEC8974c3f6,1181,0x9C19334353444233110C51d4bC08C894ef7092c1,1681,0x17aD456a374B1B1c44fe1117A1817fc2b0b105a9,,
245,0x33C3c73bcbd16E2117A68958bc03fD945f5C4a9A,1182,0x9c6e12012D2f8c823d45004775571b150502619B,1682,0x17c6A299540A0D15F9F722dCec248F0efABb3dFA,,
246,0x33e176869F9C3054244dFD152CaFA91bb612cDAe,1183,0x9c80810A659b82ffc4bEf410B688202A2938Db9C,1683,0x17de3E8F966b50AEA7931dF5e1F836051AA0E234,,
247,0x33EA8c82E8E52A5105dA5D5429850794b8d4635D,1184,0x9cE12C109867A636aec2d264C55aCFC7E16F75D9,1684,0x17EB36801F1B38c1D1155716b8C8dC561b52d865,,
248,0x3427B431Ca793BCCe2C49BA5749A8022Ba4397e2,1185,0x9d103bF8f3DE4D82a1a2cB28427E0b95179ee4B5,1685,0x180f02accd56d4662366bdc7f4d5edd0f367ce40,,
249,0x345CC8Da3F2eD35E2fD60F3Eeb3FEDD6BB53dB8b,1186,0x9d23d54846aD3fE1b1ea36d63e4dCe51fFAA5016,1686,0x18299c768C30353092ec8473D6dc906Bd9358f62,,
250,0x346B9605CadC5dCa5ded0db7c8c7930d39b231b5,1187,0x9D4E46399210382D8A45ffe1777D8e01A1872CAa,1687,0x183F062B6A8C39B9A9e71898741ACf8f25E11561,,
251,0x34bCE685111b86D16bc4aE7F83A0128beEa99D81,1188,0x9d50a3bFE108875A79B2a074bF44E7Edaf593880,1688,0x18A68D54a68584f16807e0700dE627Df767F89fC,,
252,0x34d873f5f9266Ee8B49Dbb392E4744718EaA2483,1189,0x9D616e329fB1BfD57DbcC0f0804DD67B0ea9842F,1689,0x19b866998152c8BEC21A2F66c96dAFC0f8353e8d,,
253,0x34Df9Ce7995776EA457d3cCe536be492d6589cB0,1190,0x9d91E32867dF09FF6EE4aef09649ff0Ad9C0Ed7E,1690,0x1A817dd2edEa315818c8D9f8836638612A88aaF0,,
254,0x350e997E4925ec8d0daCfbb3d6BDD5f1FB24D068,1191,0x9DA2f5f6570414810f3014DB167EE89837Cfbc29,1691,0x1a9Aa405C96836e738Fd88ef515403b598cDE409,,
255,0x352f76Abb273d59bcB35C8Dbf9FB8D66760A88B8,1192,0x9E25B84f6E9c07e5Bb6dF6bD88123ff4AE6B9457,1692,0x1b478D47Cc1BCe09B93D783C7D48dBd74078dD2f,,
256,0x35411B63B8666Cd18D0b3f16666D0D7521453D43,1193,0x9e3D381facB08625952750561D2C350Cff48dc62,1693,0x1b96C0aC5d8deAa561BB433a56eF100c2d0C6105,,
257,0x35478edB272601a239EDcFd84a45A2a6A3Df048f,1194,0x9e4847fF25159B5082185fca52dB7533061C5bdC,1694,0x1bb126EDCc1c72beaF178b0608c9186a4CE39750,,
258,0x35914cCAAd82f59e0f4ee3E3e10Ecc4Bf9FBE1Cf,1195,0x9e4fDcf6ef66f9b0e372b2D17f0926d9cE1Bb299,1695,0x1BD63A9aa7f5893934e69754d8bC1AD6D4B78602,,
259,0x35A3A4Cb52130a9937CB1C84dD49a5e41b54DA16,1196,0x9E9931B0239A353B50512f4ed0300005d2fab305,1696,0x1c4dFFC644ef1E74C310fd9A767986B7861c10ED,,
260,0x365C8A9605e94A78982015dfD314bA9F1957ddF0,1197,0x9EA2ea70E756Ffa1b9d46e0B20F24Ee7135A1e7f,1697,0x1c6D5B51049809d385f340f447e326290a70BC07,,
261,0x36f944778b33Fe2e1eA6739b711127DBd5c1C64C,1198,0x9Eb35bD84AA369Dd3958714B1f66D4D1404c8648,1698,0x1Cada660442557F777C10a716746516fb4AB3823,,
262,0x3720965e6e521BAf3F4b8523fd8DF53674bf4661,1199,0x9Ef7A98a5c1F1eE87A41E3471822041E67c8C5CB,1699,0x1cb7f128011837d5D20d38a33B7d125Fa5cb9A42,,
263,0x372fcbF624f54Be97fbf4cF79bcA4F7C3c6EB088,1200,0x9F4ABF56307aA81314498646d4d8BbB30003286C,1700,0x1d4F54C1cA48e71cFE5E6a8EC929D21a5Bde9af7,,
264,0x379331f966a9FC9628ad0BA296Fc3bc45b9dCa2A,1201,0x9F655Afe2FA878Cc3842E39Ee77A659CAA0b52DA,1701,0x1D54DBf0831Ea779D0F1C2266976db7abB9161e4,,
265,0x37eabBa8963b478999D65dA46c5c668525D4FD4e,1202,0x9f785b6aFFfC8B73CB58c3A628a9c56Dd66bE1E3,1702,0x1D9CF523a739a559d6f300D919FaCfB5894dfEe6,,
266,0x380C4d3f365cC8ae3048A60a70c261d4dd6D2C19,1203,0x9F81A0AFbEE4c49D59dF5155e0Ad53ae2e91260E,1703,0x1e2565BFC59b846ba0dAeD6c9aee36cFb29a7b79,,
267,0x38210a4A3A5beE08e47241e615fdbC58BAa1a0eA,1204,0x9fCFdB8158e982E9d3E3Cf9C9D29E9d4b1C75bc5,1704,0x1Eb22F3F169b42c3c68DB79DDaa6b38A6fdB58D3,,
268,0x388cdeEA5468F547F61190A0dd09Deb6716e5cAb,1205,0xa063De21cD1540E57211a862c8EE41F85cd13431,1705,0x1f0395BAEe87E767C8573FFB073B81DF99E59112,,
269,0x38eE70E0059303c018155FCd617700E425bb0154,1206,0xA0b6f8101c5F9415d70CcE94D3963Bb2516bBb24,1706,0x1f2D763910d0bfe1B78D2881E791D08862259014,,
270,0x39474464Cda40FaC8FA129Ddf3E52bF6b758b182,1207,0xA132e24aD2c791AAc348a96308B60ac86Dee090d,1707,0x1f7B43470d29c9d541F0c5Aff41aF4FEec182F65,,
271,0x3A0534113602aA967869d77f58544536ad1Cee7d,1208,0xA1637e0a29e251EC5b2F9f796be35f0E243Cd6e1,1708,0x1F905bdB16e1719861CF42daE37fe284FEf89d04,,
272,0x3a541A3056DB5bE3Fa1330CD6AacD4319C1Df331,1209,0xA1d3d75281AA5035BCBc0383B540Be3DAa9c80cb,1709,0x1FCb67894FB738C8841179416Abeb5deE50AB08A,,
273,0x3AC0B745264129B54bd899C5c941e2546F7Bfd91,1210,0xa239f216BD8cE2EFf0fBE015D23C914df222453C,1710,0x20a32A399a7AdF44116bA90C6deFB04C16d3137f,,
274,0x3aE80c4FF0F1Dda44d22400457a8a3a816Fdae62,1211,0xA248c81f3B99956e987a02fd3144A9fCD35784C3,1711,0x20A9ec1ac6fC3c258D224AD64c2BE2a90f87dE72,,
275,0x3b420F7Af4505e4776955Be388a39e91A6cfc2a0,1212,0xA25E15bE5ce1960a674F89d4a4428Ad1711c1FB6,1712,0x20CBAAaD54759213BD5BC0E9c5e4ffb521A46cF8,,
276,0x3b5c5a64ec98ADE352De118f7B9ef5b0B24a97E0,1213,0xA271Bff7EC270cf3CB38E07e65325cFfAC7541be,1713,0x20e6F00c26305C78f8F0cb9f20d0C8d1fD33b06c,,
277,0x3B60F1dCECE4CDD2d6C00087df529184f6F159d4,1214,0xa299cC4F3b0F48BF6c0076ccdC7Eef0012483E18,1714,0x20F34B443aD40D31CbE97bc855EFf42142bC9520,,
278,0x3BCD72c83595094228E298f5e19451818e9BA682,1215,0xA36f0cAAf359A3513D0ddC043C6CC0d42CBD4ae4,1715,0x211db0606B8517860ED5a136d19B6f55E403D64B,,
279,0x3C149CA49CBD9655360F490457cf25E629751867,1216,0xA37665a6b990c505381715Fcf54Bf004C41b7060,1716,0x211e3e502cd3620e797800915db3b9283508186e,,
280,0x3c34B5d889914f016E239BF439eB67BA90639778,1217,0xA3acF946b34e66760Ede626a1887E989f556736b,1717,0x215753DCdb17687D472D2B4b772eFe56F3ADBA82,,
281,0x3D16103c750Cd3A8a9E8222323c17EC2CE1b8566,1218,0xA3B10a7E4b6bc5fe786eBfCfb706F2CF9EFb9a88,1718,0x21600552c26D99Af8C40E252A15f0683578CFD9F,,
282,0x3D1F11373e6e19FaEA64CcD73c83b1064B737397,1219,0xa3d27a2Dba89B5BAe251FF74525fEE7346fB2f86,1719,0x2166EB578f881dEC4Fb9C78ADdF40917aa5F31C8,,
283,0x3D3010CE5C934f4425c4F57D809b7c30E28B2222,1220,0xA3E0b1fB70B82Af86e9c64A6EeEFDED4bE3e8d92,1720,0x21b4ce8ab7fdac542be3abb079534ee37c1e4c08,,
284,0x3d5045e7A3D171364eb9c0f07bDE48a0e49855C4,1221,0xa4A109C715Bc91D926f7058bEd55e5A9ac5005Ad,1721,0x21efcB580BeA9fEf48d24a52caD7A06605105fd4,,
285,0x3D63884Faffc8630d5f6E08444cc174184c50393,1222,0xA4f3d0133F2fC3a1B57149051c15F0d92AeDf71c,1722,0x223948E972B2B692ed73b0e928c32b709719A598,,
286,0x3Df0618242cfa6791A6D723D98ebe1Acc1e2B0aD,1223,0xa4f3FF48B55e0295a724add9eb295804De8cCAB8,1723,0x22A442ee835d7FbC05bdDDe79d3a97e97619784E,,
287,0x3E40ae2b7857ddFDdc582f099F6ADcFAA9CC99B9,1224,0xA51CEb84a7Ade16CaE8Cd6A33f5E2D4Cdb3919bB,1724,0x22d19b77FfE95A5C2D46D43969b909dCd7896CB6,,
288,0x3E810bdA529fF8A785C08ad76B1Be9182104B915,1225,0xA526EA481BfaaBf3D093D65ec5E11d8AfB2Cda50,1725,0x232e871c43c65397b031D305Ec3D60284de2C444,,
289,0x3e903D7336754A55994b4aA96c676f4a36c3F63e,1226,0xa52b8a970d503a10ff70c39024f10db48d6775c7,1726,0x2386e95cb878c742124524aD49A7E61e429D0e2B,,
290,0x3eA85644C0D35522dB62f6d638e0077736FaEbf9,1227,0xA547B24A8790f2319B527faB8E66bf31D6E42548,1727,0x23C91dEd565b853CbbcD604F6C54AF435ADCECc1,,
291,0x3F0f29ad02653A4dB1a4B5d571dc5781c6341150,1228,0xA5dfd452f1f2597c5371A23BFd16f6C9f0945e8E,1728,0x23FFB39572F09BC910bdF33bC4596C4C7522D3F8,,
292,0x3f3b7137D3694F7Ef86afF20115E0447eD826A77,1229,0xA659e2e9458a948182BDF963c2fa6952a5916a66,1729,0x241CA6E4a328556400cFbC08D5E930CEe49C1843,,
293,0x3F77B9Da92E76B6e6E65564e4A5606ec58E5B3E7,1230,0xa65eDA7fe7a94fB271DCD385b880Ac35a1EBd347,1730,0x243557F380d118A1833a01dC919A8F283F48acEd,,
294,0x3f7B343f6D599E4e1e8445D6C31B45Dd5b1563Ed,1231,0xa65Ee08686F68639e3b28A87f4836CD4D6BE4987,1731,0x243fEfd85289749adB80737D98FF834B6c85861a,,
295,0x3F9037D76C8828C8D87CEF18723026732E83a7bC,1232,0xA680D0462FE26777A0aaAD17BA3B22d6390EB077,1732,0x259F366974958D2f543C578e99ACfdA8170aC425,,
296,0x3f91225dBf2a12Ee9863E782F46c762aD12E0cce,1233,0xA6B133935e4D9dE6A8C7a29F93D6dA400a365585,1733,0x26AeEeE4E6c83FA8253A0599f9b4aC5276F79d4A,,
297,0x400797854cf0DfC23AD356cC6DF2E58B5E7C1aA4,1234,0xA6F216FF0dD6b35E3793374f0308e69717e810d5,1734,0x27503ce540284Ac5f536EfaAeF3443Cd3061cE4c,,
298,0x402DC18aEB5B2CB7AaaB26C5420B1E09a42C5C95,1235,0xA757ba8dFF77143E9Fb004599322602B5D1234Bb,1735,0x27527291c4ED78a681631d62361d229372DA6988,,
299,0x403D104D7cc2E0FB900a9878A951EFAA5f76dcf1,1236,0xa783e17629d0c9526440E5fa5d840E57Aa9ad93f,1736,0x279359CC2258C6e08cCAee259d57E908425B99b9,,
300,0x407B31dbfB445863D085ec6A23DF80eE06d490Fe,1237,0xA7841A294808e6d2355dDD81c632338BeDe576Fa,1737,0x27C883bed67309739e3b7908E84Ed2b5BDFb2F45,,
301,0x40Cff8844FaF678F4637314D45b261fD6BB0532f,1238,0xA7BB9e2bF00C23D4532592b687AD899b92366635,1738,0x2879672fBAbfF2E77a5144aEA22AF93C27f3eED7,,
302,0x41198D8BeB1a78d7DeDF23C92Da25FB9845939a9,1239,0xA7D5a8acF8FA80f88C09d604033e5D712ce679ad,1739,0x288985f3AB9110Eb085B2FCACb6C7Fd1d85D32a1,,
303,0x416a618Eb906c46d28d9AaC1Fc1b3a65dCBD310b,1240,0xA7F27B8146285A813373e92955402ca438A5E6A0,1740,0x2977f7273b8030679F054F960D258CA4df0da17F,,
304,0x417a53c3D2211aBD76d4BcF6347Ffbae9da6fed1,1241,0xa807E9C28d22C8910fa1FCA50182ecC01a4Bcf43,1741,0x29c02cC6D51241ea57eBB5F7Aa5bD7bBde4C2579,,
305,0x4194C1924Fa5E528596dafEC9D79BEC6F51B4aA4,1242,0xA85599f8733886a984E5AB327fC8bBD4de9Ca1A8,1742,0x2A1238593eF71bdE11d3b517a56DCf99AAd9ADa0,,
306,0x424300C983AA76596b978fc16FA449a4367c6c0e,1243,0xA86f5324129c34312187CdE5B42Fe283FC493fD8,1743,0x2A59D22b41A1C64d47cD12dad0Ee1e56e66E491b,,
307,0x428Fd7a1Eda810Aaac8fB37e63133EE4E1d2f63b,1244,0xa871DE5F052D1B640089c0415a52164003d549eF,1744,0x2Ad971cDB9B07B1BCC468FDE4779b1776492E594,,
308,0x42C6eC57F69F49D2588d302456c348DaBe3412B5,1245,0xA8bBF40966De307F6455e345c1fB989b87e1313d,1745,0x2B3e1B469d8042ddfdD5FcAd701f84c14AAEb746,,
309,0x43455554afC43B1ed5450Aa7a2B14838C5B9Bba0,1246,0xA8BD1fdb12303673980243F8b8B09b6B1f4158Ae,1746,0x2b61C2f01eD95d4224D4FdD9971550981D17c1Ce,,
310,0x439446d0fCAA7Cb33F720B56A1E36634D9C51BDe,1247,0xa8F32B9E2C896BbB5B57296eDce02E48F6a6b1aa,1747,0x2Ba7a0B89F37B1A8E4b8d17a850A896615203Edd,,
311,0x4405466dC7f9198F8063F5801De89a9b4A451250,1248,0xA93c422d42Be357a1661eD33AFF434223B05524D,1748,0x2C4A6F35298182935684F5c70eEB895f198096f1,,
312,0x44321ECA0FA6c355eAFC08F4A971a7924a287163,1249,0xa9579503d9Cf256eAb3274343EC886DB1Cd312C3,1749,0x2C7cEEC39ea8cE376ECB7dea40CE9331E599b605,,
313,0x4435f4c7C1DcaDbF4Bf49322027b9800b6C00e09,1250,0xA97b4074b8ae064f1BB63e306337dDBb72a03656,1750,0x2c9e21119751F4b2f2484810752CE57a138f7777,,
314,0x4453f8dcb031ab519d11202B331b222476B27572,1251,0xA97F2542EF392b44A8DC7EA3E058239Ec2304233,1751,0x2Cc4b7C970c8b9fE55Ee390A99ba694F489f555c,,
315,0x4457346ed6496d886659b4dacEB12DF0045c5438,1252,0xa9c1d6abB473c0b88a4AEb2AbdA741727322EE37,1752,0x2CDC4523b3535E634140de97aF2D994aB24a1A86,,
316,0x44c8a0cD83C670781Cd69D27F4B9D39eb6b8bf66,1253,0xAA4F8B5224a38415048487129c053f67d5ec2254,1753,0x2D94295B8db1aE60AAc9673090c8B39304C1EAD5,,
317,0x451047fd0056c602481477aDb302F281C66F82Ad,1254,0xaA87d6CB21C1b22Fd0e03D805Aa58Fd112531Dc5,1754,0x2DDE4249b3128DF424b7BA61A9C2E7F22BFB4A1E,,
318,0x451058B548cAd5FC6453080e19294395830F4A11,1255,0xaAb69C8241CD01c2158aA39a9873D9D3A205bb7d,1755,0x2E237CdaCc64332cD36dc157E5d4E31fD910b955,,
319,0x4512867655eB0bfe32A480cA9e81be2851981029,1256,0xAC060EfB7F534F9FEE44e2e74B670D8A5B9EEbEB,1756,0x2Eaf73813362038d470501a5baE59B9460f43209,,
320,0x453199ABC13dE592afB66Dc6490D265b68b73c87,1257,0xAc09CF044F9900A6a3c0a0be27c8C19796251Ca3,1757,0x2eeaa8821cDC9a1A5829d8a49FEb7ca59B3F7104,,
321,0x45741aA67fac9c1B733cdEBA927E88cB0a385eCcBy,1258,0xac16130dC1E8Ebfc2A28eD9594F7a61dd10cCab5,1758,0x2f1BE7E9D6f5AE564f82B7cdD79a3A51222E86ba,,
322,0x458993aa152116b712BeaF8C4477573a52D9e7fC,1259,0xac603a94A2E120c6a6138e6f7C942fFE7e060d37,1759,0x2F64C961cF9Cc05F66d6b4DB05dDa76392d974Ea,,
323,0x45aCD8b088A5Ff6F931992211c7069e70d4BbB1B,1260,0xaC7FF8ef72CAE85a790950F84604d24d7AB4bf38,1760,0x30023CAE215526D8D29a7Ef6F3405860fA882297,,
324,0x45CF1f45A352AaA65FFc62198BfE4f73BF2383ff,1261,0xAc8Ab691E05aEf2bEbBA71877980c999295750bD,1761,0x3010672A6990560b3aDc0641421Ee69fDEB5e844,,
325,0x462C234d399a84F62e102Bc745FD93F649e36CfF,1262,0xAD1902b0fe88091364bf8BB1a2232bF550b0E184,1762,0x30118c631025DC60Fb8176e69095E22a2352a215,,
326,0x468c6dd28f7F500aB162CB649177fe62995adDAC,1263,0xad28031550b782dEf0B5b3Ca15002afA913b509e,1763,0x303879d42Ef5778dBd8a0eD0ADA6126882e5CCD0,,
327,0x46a63d3bE1140557E4d20adc7102D13443E298c9,1264,0xAD40a1ccec052dC9bBB37171FC69545Cd5FE8Bb0,1764,0x30Bf02aA32255c73910A8120b4cC28d7A82295c9,,
328,0x46dee58414f745237b8950382ad865c84f051c02,1265,0xAD41d73F908aD0e8C97D510108e6F5e42D0a9777,1765,0x3172DB4A8342B0C79868aA8C4E6B1B8144364d7B,,
329,0x4706daF87174672Be408CEbb7ef6638E06296142,1266,0xad56763c3768A8CEf0b34c1c46CB576dba45A5ed,1766,0x3173858fD1ef14933bD9261ce946a283D801BAc7,,
330,0x4717De7F7dCCcF5a6836fDFB852fCD701fE74c71,1267,0xaD5F4FF070f892aaF56660F06Bae11aDe6a35C29,1767,0x31D06E37b7fd9C147E86E00e88eC3982E29fE62A,,
331,0x471906C27d7D766AebEE460365bA7a8C46283aFA,1268,0xAdE69EDeE1F59860d074E313BC9AF96f31B305cC,1768,0x31dAA8F891814Ec73aB3CEDE58d349a3e4a958bF,,
332,0x471B953a2185e3D5f5416B5FE744Fffc0891b89f,1269,0xAe3dab6a97423311C855bc53268E73BC99d68423,1769,0x328eE37a40E2F5BD6B10dA27E3215087803bA6f7,,
333,0x471d14Eb7d215Bb59b5589BDd3298f336b8327B4,1270,0xaE443547c37Ff51F1df5611D2B18F4e84F4f92fD,1770,0x32c9a506e2c8e4fbc93973fd07632753fe83ff7b,,
334,0x4736c8888dA8BD96c41D386157a1d15AF956d0e0,1271,0xae60163680b5c72AB23D8a3a7E9A66c1158f2Deb,1771,0x334593e95CC755e5Ac10A781E17c375FB2235489,,
335,0x4744b01f3bC893f4ABFAa6Ec0C413a41B33E6Dd2,1272,0xAe77d9e4af0950cd30fA0Fe1c318f049071C9718,1772,0x3360eC2c9139D9CB4F512FE6e55432caA9cBe359,,
336,0x4768cc84f9172B982d72DF78d3dA0A2a66EA0b9F,1273,0xAE8B56B8bD668876d108B4b81105abC557378c0b,1773,0x340F5817f8EE1E84dD01531e58a17c06f229adD2,,
337,0x4798bC074646628c9d2F9e3A8504bd405f2a5146,1274,0xAEB31562839E102986fDB7072eb7A44a51632a12,1774,0x3439A76309c3c9e97ED98269fD2f3DD048289936,,
338,0x47a34db04997f93da70b65f2d2899163e4675bdc,1275,0xAeC1f74CCF8879be0D2FC745F139d0736a2915f2,1775,0x346EAdb2352A0E45E913D9A8C848f8D53526f4A7,,
339,0x47CD0fC8cAF30e5EaB4BCbb4b68d8dD62D76482B,1276,0xAeDf4cED0cEa1aDCe48aEBE90BbA3f0335313Ab6,1776,0x34FD2de3bEB9a773977718C5ca46c34408681f41,,
340,0x480C035c2C4C650C2CD83a4462f70397Ed0c12D5,1277,0xAF2E360ec39d74d0B6Adf840EF3E1E10888B1E42,1777,0x3561B4C0bAD35bedfDf1139F055B24456829cf70,,
341,0x481d629a508Cd63aA77463305Aa7d15f707d9Fd1,1278,0xaF3F1C4Da88F8a9c1C2073eb49C506eCCad5f4d8,1778,0x358ed7914212c3bbddc9b1fe8326c28a28601aa8,,
342,0x484822aFf1400a0593dcb14EfBc9446EF7a0650d,1279,0xAf58Ee3815f27F7Db3d8B7284b5c926A10aA0aD2,1779,0x35aF3FC5C936AE8454a35d5551fB20fa44780c92,,
343,0x4848b4eEF9ffbd8B7d1aee41F6409E7872A9d0C9,1280,0xaf75e5F077eE76f8F3AD4E665B582d846f132851,1780,0x35bbf4e73d81131f3b09af31d5c9b64be18584a1,,
344,0x4872881dBeb99289cEEA93bf6e924B7eACC76115,1281,0xaFA548f8a1E82a93456A4eF62c951Bd2ec12bfF2,1781,0x35F2A8CacC216F02cF97c65e0eb8DDfA4aA0B08e,,
345,0x488BC287A66fCf43098FbE8D33dC46D85C0C0059,1282,0xAfCf06e168ac95488101a49849833034Fd1F5169,1782,0x3611Aa1e04EC617807704c3B434261AC334a4807,,
346,0x489D5F1BF27C92D32044D262f975466B030Cc561,1283,0xaFF0706630440E848E63ed26F0A6F23C536495a7,1783,0x365ecc40d32172E58e67D07781AdA4203cc45e36,,
347,0x4943dD54dFE70f84C0176948deB53607b174cda1,1284,0xb007a4741c17e97C29f86Cc730CC0614b2b3321a,1784,0x3680B928d598E9eE2104d6b114e0c5b5936c0DdB,,
348,0x495d82fD9EcF2b7b4b40a1BAfe52e827093d0b5a,1285,0xb009461788AC060c2850C0F427e6A595b16257ad,1785,0x372d8Bb2Cac1b8b73AC5A4D2E900E55CF71d018A,,
349,0x4971Bbf71792fA1dB2Fd7725a93277332DfBDE53,1286,0xB0191CD7ef3768E78Abce3e2Ab7AD584538b27Da,1786,0x397bf6aa9509a6Ad25476802c7faa33e2e56B733,,
350,0x499De440577a61E013644023BA97398d3C9BeF3C,1287,0xB02e739e46B3FCf2058FBcf66B4a572e4676D1b1,1787,0x3987a706B96657e7A6258CEC1297fBD73D61C6F7,,
351,0x49bA63189D5FEd5202c9558CfcEC4Ea637132637,1288,0xB082d6353854f7b6CDe2E5e2edBCFF3df2E6323a,1788,0x39B049d31EDcEE9C0E491Bb72d22e095cf835676,,
352,0x4A1109303ED3bfa63BABDE0006120212aEa5AF09,1289,0xb087aEAf194D83AD4662E7C6cBD6F004d95DFa7C,1789,0x39be707810f6F5d9f0b85E9ccf92e655B0dD0C86,,
353,0x4A18CD56f4AB6D66CCc24f5F3B232113F82bE5E2,1290,0xb09A37dD4D1d27f8b4b0237d3f5Eb86d4D9a04BC,1790,0x39D49b8fBE088F6F5d4fE63749838dFC7C40ab0F,,
354,0x4A27E33e80055aA9Dcc23E1F02AC981d92BE292E,1291,0xB0B9E6BD0dc85F7629a813c493263b498a15BD42,1791,0x3B17EdCA12b0b72145412D86d08e8366291C59cf,,
355,0x4a457Cce700aE44168c4c51D8233f49202B474bD,1292,0xb0e4487b3b849bdDC77fD80292580e426AB1B879,1792,0x3b1F3974dAF14C6385E58ea77cc29bfb994CfA5A,,
356,0x4A66523Df58ca89b33B29C836A6c0A8D366dA1c5,1293,0xB133bC8B220EE9A1d119b3857208cFc43Dad9e2B,1793,0x3B42a70498E13EbfD1aD8d3a4CacDC75c8755551,,
357,0x4A8999d755972CC29e53185Eb5964cC96B404898,1294,0xB13Ae18aA947986bD51ACA4695C7973FC6672285,1794,0x3bF944fDf66d74968f53b444Fc6c1eb26fFF4935,,
358,0x4a8A7B1519781a050746123f361BF2Cc3ba56935,1295,0xb15E4CB43Dc2eB4bDe62e659aa422935a43E3eA8,1795,0x3C72Bb8a1009ED7736B131B9FFBD801C89b0701c,,
359,0x4b3a43796805c864e6aaecd2ab851952e4f93cec,1296,0xb1EA8948140D56Ee89169337403b84fd69f839c6,1796,0x3CcF088e36f2E626B943C22936b2FBAc94Cd10fA,,
360,0x4b41de6FC91E473b692Fe02080F0a37F8A20c5A7,1297,0xB258c378A5d63295d973619c82Ba308d5dCa0779,1797,0x3D2E6b03ffB17BFDB3af5Cc340D0877c93598b06,,
361,0x4B4ecc1992830cE5e8411e3fD34dbec55eb81Be0,1298,0xb28902722f6c45621365644E8808246F71EF25A2,1798,0x3d79e014dcD8d437e9D4b373E6b78552D1523B4d,,
362,0x4bb8FeB7c64ABC7eF015099a01038e778bf75e0f,1299,0xb28b2F5c332cc5696EB65aCd0f2D2Fc7e728A592,1799,0x3dd6f0eF59d02bcEF854715DE61878C5e34Fc062,,
363,0x4bE9B6F5392ec00E3deb8520Ff8B52026E5a6a78,1300,0xB2B9249408CFA9DF2aBc6c4542b37E5Ec57c5f4c,1800,0x3ECCBE2aD63279ec70335d6f4BFe90Be5115bA98,,
364,0x4C0c2d2b281a9c9B96ee4c4A853FDBd52e14c309,1301,0xB30Db184FA2b8F076b46a0B219AF99DF08b5c424,1801,0x3eD324CbfD1CC14D8f670fA606E16dfD9e9c1268,,
365,0x4C2cAc6E511720bdb42bbE3374fDE7ccE54fED6F,1302,0xB35923F00Fc873852eD73745AF3a656D4fFdB99F,1802,0x3f607f118E56C4822D605335A8205673770404d4,,
366,0x4c4b93e3A76Ed6CE13fA6712BEA0E28047A19c67,1303,0xb39d93dBaC06eAA0Fc8993FDaAa8631207DBb6A8,1803,0x3f6723e6f7c09e1fbc193005c2195c0e37f3a588,,
367,0x4C5B694d622Ff593D56ecd60E4B887171C7B801D,1304,0xB3b15348901a0D18c88994Aaaa9c7E3656316c64,1804,0x3F680c786d9fE4799964adb559C270f7Ade968C4,,
368,0x4c7F30364e4EB3f7AB5f9A7aC82d6f92D3DE8a5b,1305,0xB3D3982C44c262fD2074F9E91De74f78243fc24f,1805,0x3FC645905777E468b1c74D670E85429F4240a944,,
369,0x4cd8BDa7C7dD00656F2FC7520Ed1035e76B24399,1306,0xb3eeAff62e91DE9e55566E012d68bCbf0b331e60,1806,0x4070dEad08eC3b0eA9eb0e727bA93f7aB2FFD6DC,,
370,0x4d3424DEc3231005CBEB0d5c8fc7ecad50E42b34,1307,0xB3F2EF8a1E8b299C4D60a4e8Bfb1caA3694c41bD,1807,0x40B1DeF3FEd2F75BA461E306CE18425345c0C766,,
371,0x4d82A37DeeFF54FcB34dcAD91314242dF8184Ff8,1308,0xB4571Bce13294Ec50F1013f49a7aAeE7ad123928,1808,0x4126F50e656fC3FC1d4821B14BE58175f66287E2,,
372,0x4dA85E59d08AdDA025b2d88B7537e2B8fa1c99Fd,1309,0xB47cb784F81d684385535A41536Fb49829cCA9BE,1809,0x41777542637082d1AFDCfcFC6cb9B78cf30fB293,,
373,0x4DD08fAC369E730BE5e4592ac4A36C506Ff28abf,1310,0xB48F95eB9159CCd74aae9eABDFB517e05c554500,1810,0x418B118440Fce4c92335F7d1FE9A3C1D4EE107D3,,
374,0x4De7bbD59F39eF47F090A4d17Bfd0FFB6c34f871,1311,0xb4bA7123DCdd8D076D8984E4d92A7C08F19c7FD3,1811,0x41Ad43e4844d41c199d1E9c1aDb57CB8FC7F52DD,,
375,0x4E0B21520eB59496fF22313E4ac6E262FFdc9042,1312,0xb4e46f829990eF7EcEe259f4156D1f9c113D62D9,1812,0x41B6471DCd61884f52489EF552FdD0c73f038811,,
376,0x4E29cEF34412Bfd1C85C32441134b971D72B8039,1313,0xb4e6f9fb08eA8F6d4F3609618bb0034FF9476CED,1813,0x41ECB2e8C342861d815931eC9ae6DE21e93fb854,,
377,0x4e29d4C5F3463A032b31Ce22b45045f468E96e3e,1314,0xb4ec28c7548e40a2592B1feDBEC1AfE3B292B552,1814,0x421fC99Aa295Dd2226c1cc544DF404C9015eE54F,,
378,0x4E657C24Ba491A02399cd88e5192652A375e7273,1315,0xb51998D2C824A3e157F1edD8DB0721f5B3B4bc04,1815,0x425791F34B1AC5BA08922dB29117E7e2ad26885b,,
379,0x4e84C010B6849abcaf516CB594c2211Dd01982cC,1316,0xb53d6F4Af9a4F6D528af015946806Ae8a8A7Bd1a,1816,0x42C1498391215428f76F64AaF65Ba408daCE3924,,
380,0x4eCC1C0c297E2a57a7Ff1848496AB6a1b8a825Cd,1317,0xb582BD6748ea758A9b8487C33D37ba424808085f,1817,0x42eD476aD6b293813c4B2D68c1c2448fBFE0c33a,,
381,0x4ed98E2Ec64af81b8fe8ed85d0315d10b8b4AEE8,1318,0xb5ff3E6c803183cA99E219f8fc1E3B6e8414EFab,1818,0x43BcDC2c26c78a3E449612CA785Cdc8C8863898B,,
382,0x4EE70e19701Ac0b5b08b17B1b7D13fDDf44cB8e0,1319,0xb6BDd9682fBD1bc1b8250463c4E938Eee69eA5De,1819,0x43D2b683a744741c0899c9Aab86f350D0c16D3D4,,
383,0x4f2fAd1E60c83B295aB662ac7534b43290ea0FA6,1320,0xb6D02117205eF343fDA02e50a8cd19bf541ADf6f,1820,0x44863534973d38F8819618AdF15Bae879E6fEce5,,
384,0x4f313dBD98C51Ebf0f76bBC2758f9F08Bd453846,1321,0xb727EdCdA45e94bB622895ae7dbda3A9872d4721,1821,0x44918c29FC70e4229Cb91e66502e822CC5451A40,,
385,0x4F667166F20b0b28deB8f0F48B3F7154919F8EeB,1322,0xB81CC6FefB7b6c8784df6eE323dc61236d7fBAe3,1822,0x44bE98130fB63eb3a068929EF3a102f15c2e6159,,
386,0x4F8842BD2E57EfaF21AfACd2e7d51886bcFd6D10,1323,0xB8428b0F5d0adbc433f56C5Fd1e595802346f928,1823,0x4500998B58EC4Fa2bdD9c0B7Cc6971702307c1bf,,
387,0x4FA53C5cC83b8E966D61b29922686b299836aE3a,1324,0xb845BD1bB8e62c51EafBAb53681f66dA1688b68e,1824,0x45145b55230f54091D24Fdd0dd5A6575851C3154,,
388,0x4Fb491631641e1aA50EEBd5C55Cf7be8E71990fb,1325,0xB84FF5443C338730a95EDbAe630E80b5EDa4EFcE,1825,0x452319b2a8DfefD3b8DdDAAA9168D2E82458A536,,
389,0x4fc58F6b5e0Fe1BB4D97dB0e7d798E1D5CD4F3AF,1326,0xB870Cb5B37179c5173F7a08028b8F9e5fDff507b,1826,0x454f7FEb33389317114D81ab34aA2bC3D99bA762,,
390,0x4fd55d708737c8D44D608634Dca24284B8B59dD5,1327,0xb8723f7658d6D581Ff0c0A83E0F131192F3D356A,1827,0x45589828A85B812e8B4068d361F14Adc6cdD9fCb,,
391,0x5081da8C9a891fe4E95A4261305b37b9250f1600,1328,0xB893a9aCc513Fe524b56B22ff0F4CC9Fb2ac99c0,1828,0x45882d9Bacd3c5048056D85EE2a6414Ffaa722EE,,
392,0x5090701B7E64D43936cb1f8a37D1e20940e9551a,1329,0xb8d267f2194cF201918258d900392FE3684ECFBD,1829,0x463C1F144f71cC070D17c917C9F5Ac1b2C8F307c,,
393,0x50Ae76632DE90bA307207902E37BD2DD144A9268,1330,0xB8fb868100C52e3Cb41132296241a892E50BCFF7,1830,0x465564b426daA87CC83716E26a40C999D8A03B1b,,
394,0x50B33eb069C75D1F38437D36e53eBae2CC73a7A2,1331,0xb9d9d2D267cD9ce0aa31873b1a9E25dBd973d9b7,1831,0x4863B91287FB653C29098c617887e6253E44542D,,
395,0x50d039a6Fc852C2c3341828cB648a5d33acEf2f8,1332,0xBA3472EeB89deb0cc86B656743A9545c54D09D9f,1832,0x490F28846068b0beB263dc1435d80c09e307cddd,,
396,0x516caa7E6c6f26A74CD1eB24675D6e01667C5891,1333,0xBa378D79828Dc86aB884EF5209996cAb3324b336,1833,0x4982Aa9328C6e21f3C8037fFB78E6809E2cdBBF3,,
397,0x51C99cd87F19A0633f45B34527F1801DA793380b,1334,0xBAcd9015c2e8355EaE94A2D59e570B9E6B48f66C,1834,0x49c65349A9D6AFD75449c6c5a5c38712834f58bF,,
398,0x51d93180433b3fF3Dd29B41358b5f10216311399,1335,0xBad5B87d93C5e573f650cd3B718Bd37379CBd455,1835,0x49E64464D64A92Ec5854450E4Dd9EB2Ef6E9C204,,
399,0x51dF49f7F87382e08DE0D895bEB59b9CcBAee06c,1336,0xbaeE6Ee2d42f4D207a0881b07315ff5e8EC40898,1836,0x4A5C5c6f9f2F412A339Da3CB3359C32Cb592120e,,
400,0x51f0CF32082Bdbb798Fc2D5Dc0e51218DeD9aA65,1337,0xBaF7580b741503907F8C187cA74F13A820e6B770,1837,0x4a8da2e06396595411FCC0C42433eB8E21E223F6,,
401,0x521e807a998507cB1e2cEC4744A9d4bc3Bbea610,1338,0xbB37A0aCC5E54A80f380A3f8643f0B9fEEd9CA0f,1838,0x4Ab03A15EEC6432c66DDdAAda656938CEf65fAc3,,
402,0x523e3855613bcB5805C5a02E04379648C61219d2,1339,0xBB42f156775Ea0119914D367CD550a12aED87393,1839,0x4B93247D792F3976DE15B2A3ecF9BA144FceF7c8,,
403,0x524c8a381C2ec13E502C895b1CEd5198dcA4Bf5D,1340,0xbb60Dc24F0A2AdFc11f20bc1d32818b39121Bd81,1840,0x4c1805549b23b971070025De0238b5a779497AAb,,
404,0x526115478bd041FD6246836be1E159e73fC3dDb3,1341,0xBBA8286ADCB51437076a17025423D65E71Ce6A02,1841,0x4cEE6b88f20C65a3757430D86393DC883490067d,,
405,0x52cAe862AEBb4a0f84aa92C724C3aAe49Ee40857,1342,0xbc84f9daf43823119d6b0Bb663f0928b365C0C09,1842,0x4d56C643545d587AdA0055A1E6bf68369Dc5C44d,,
406,0x52e461fb6E0E891ed99A2CebA9F5B77e4787fAF5,1343,0xbc92Af111a2b43d2aE8E2fD284b492F0FfaFa292,1843,0x4DD9EE615863AAd4AEeE2ed5CdeE21173Ca8dC0b,,
407,0x52EBfC95f946222da98F7A58CFc3dab4E1E14EfD,1344,0xBCC294367d12755b29cB55552E96226b0792Dd69,1844,0x4DfDa814C57ef544430F031025120b4a7f65ca71,,
408,0x530DAcf022d80a64BF70527BeaEEEf2aF202b4f9,1345,0xBcC3382fadb8297e02AeD5EeBD7Ec80D2487C802,1845,0x4e2240e289AcaaD14d6fdb38DfF4fcD6f33e89C1,,
409,0x5346d21F0D5Fb32F1630ca0E468B09114E101528,1346,0xbCcC045F17395Cb1B15756D5DCc9D1FB1284B80c,1846,0x4E6A54C5034b638c1D9981207362810400AD58Be,,
410,0x53700210c3DF9b134E2fEd67467F4A3bE44a3fe9,1347,0xbD1f02Dec20d91440B2Ea8A9D1FBaABAF9D9Aaf9,1847,0x4Ebb1106A881157Cff33592A853599014b64f7b9,,
411,0x53C974f811C85A0D0dffB275B72AE04e35b9365A,1348,0xBd31e112AD9008cA482F997AA2e1561aAD53a49b,1848,0x4Ec1D45983B35b7b257d583Bc3c8eb4F5F9DDdBf,,
412,0x53e08965C9bECB492c913aD0486c58bf3928BC73,1349,0xBd4B7955A89700167b3ACD04b438b3296588BBB1,1849,0x4EC1e2b8cBE1317491Cc869199c0ba65ACeE389A,,
413,0x5415241BbEEd6179F87Faf46EF78927a729ee446,1350,0xBE4AA0296B2B217d03DDFfF792675cfCa96A95B4,1850,0x4F14725dB03ece3384F4210306c1fe4B997f00b0,,
414,0x547e44ec6E433a5e2DA0658a26fEFF9Cb3bee09c,1351,0xBEE089cFa347E4FAF57c0b0F98aB81A6343b9bee,1851,0x506FF2dA085CD1520aBA064AAB6cf5111a15010C,,
415,0x548A9E9daB29442eB6E40Fcf8E4a87d9b29b03D1,1352,0xbEFCff00aE7ac358FADA69cD870134A233E591bf,1852,0x507E0c65c9ce907D5735077CC96455e184E85f7f,,
416,0x54cBa5C65aa4889175B5665F537b34EdC35ec313,1353,0xBf4df5d706ECFB7a3800EA2BD6a360cCf6c5954D,1853,0x50bd3951128Eb402d240501ad42672718B7BCF8C,,
417,0x54e0c7eA094EEf3Ba872883aC961657Ac2e4cBb9,1354,0xBF9D42607c12a67c64EdEE5D11A5CA3Ee2441C39,1854,0x526A1B6eFe1E115fd5aE265eF7d7764CA192218d,,
418,0x54EAf882b24AdaA073E4B63D562cA205bD365eB3,1355,0xBFbdF2f219e55521622a4EC201D9AF086D546fC2,1855,0x52F828462926EDAa9AaDc6D79C01277aE879B3D3,,
419,0x550694790272c89018FD2f81c7074F25a0474beb,1356,0xBfF753aDeddb55bd08c6b46CF494a7a61E24b749,1856,0x53c355f7beb5c2d4c74667707cec4e27332cf65e,,
420,0x55573b72791c1891885c0EDb32f10fd716AAcEF7,1357,0xC066E77df8C4a5E9E98Ee68fBA07e1Fd8FAc8c70,1857,0x541349D00Fd50ad21DC864E97625e850D28c4cB3,,
421,0x55B8aE803Ed56644D19f878DDe2D7200C31cC079,1358,0xc079AabE6eAe153FdD3d02894bfd623DB1e7F03f,1858,0x5455aB3e1e2599c7518C7E7A70eAA2a8250514a4,,
422,0x55c824092306ED6312dfB647Be49e8151498A5E2,1359,0xC08ce10e44ce6a13BC4E072b64bb1ba5b0e75E49,1859,0x545a1880Ac98C980ef70ef0E9e9914636B9b3aC6,,
423,0x563B7929fa614271A2C3A2f1CBd1dca4617973b8,1360,0xC09f449ba92FF53bf0aED6d0fe2555C7A195D0A9,1860,0x5462Ab4d6cDA7d1ca6bBec3ed532aF6Cf9515e57,,
424,0x5652F87066516d25c0DB5eD908ad21bAD3d157a7,1361,0xc0a50AfF64ca1Dc5DE827483b6CfD95A265F1e02,1861,0x5480B699d0D3d535061B5E8828Cba606b214a410,,
425,0x569Df23B53108044DF5A52C6f16b940723aBA60E,1362,0xC0C2868b8F30b111DC747fA72D5246386afE92cB,1862,0x552d1d65CD7f90ee1F79e13A5bBC743dCAA24C1C,,
426,0x56a04925A5a6703e30DF5bF379F17B0F8Ff6CdBB,1363,0xc10EBaB6b3C5296525cDEaE37b7F9bd5A4A8e075,1863,0x554ba60F5B17D32A64c2415C82642035934cfbdd,,
427,0x56a55a461b5a4731E9B0C28E8318936e9dB9f79F,1364,0xc14b449398bE5e71eeF182765DDc8c6D6d435504,1864,0x5593bbC11679e365bCD1Cea0Ddd3db25c20Af869,,
428,0x573816d5032eF7af146Cd99EcDbDd8CC108ea923,1365,0xc15534EA729972fc21AEDE69cB7Ca16D60E8D342,1865,0x55A9fE70dFB9a4F83aa2676D84bdE16565A14379,,
429,0x577BC2648b6Bf5ec7D59d14f50740FaE0818Ffe5,1366,0xC17A0d64aCdEC834Df66490cE64F00Bd33297CCb,1866,0x55B1Ad10ec57DDF6Bf36e6cAdAfd74d8aFCB49Cd,,
430,0x577EB2a99C3D14d71EA5D69af8AB67e76Fd7C4F3,1367,0xC1F98df0fe60454E67E413dC3D3b0B599FEC59F1,1867,0x55f1246c6f9631041c095f736522d63af09565bd,,
431,0x57Ea15441dafDc1c1F7678CEaEbc1C1b04934a0f,1368,0xC2484293dDbD28dA7110151Be58a907Ff040E9fb,1868,0x5649652A3F094B76e22E1A5Bb9DbBb83e3331234,,
432,0x57F646A2bE335dF73a4d012EC0B573Be00bcD4E0,1369,0xc28ad65De486C88A5fEAcd0eA31068D55df34bCa,1869,0x5721E89d805CF59E1a85239d40016852DAf9d362,,
433,0x580b9489706E4E0E8A43dFb43a12C69979d74164,1370,0xC2ce344f9E8e4D628018c8d808dA6BFCa6141B48,1870,0x578C1662E31F0FD2e93c0423a5947a4389aE547A,,
434,0x5866e7085aed130AB2e64Ec39B3A0A130B3b88ac,1371,0xC2d0e86547a9b229bDaa802003Fb64eD8851DA25,1871,0x57c528d7Ad5eAD9D9F5A60efbdc535136976E74B,,
435,0x59867dBb5534F84812eB4cEED06ed7a4B810c3c0,1372,0xC30e7a9238D851D79BFd751449703bd79A0746bD,1872,0x57F8ee87dDb2B4C094BCFE6D06a2EfF43B3e00fb,,
436,0x5a52342114a08816141B14d7921BEaE100E13c25,1373,0xC311950d1Ed79D10F0D38FE2C303872e250f8D42,1873,0x5948B141E75F38eC98aDf5B3E3DF8b23843b2994,,
437,0x5A76637169B65a6299deD0d484F0b04394bE2c78,1374,0xC35E51a6D63381f77D6699eDCCd0162baf672304,1874,0x59b56456CA2272907505bA3c65403BfBb05c8B9D,,
438,0x5a7721a162C66A430591ae96Ad90526C6EA05762,1375,0xC3Aa6E0da7788B9E7e30a810A3439e3BdB2e2f52,1875,0x5ab9a160151dADcec1186f6B6DF76170eC2ebaa7,,
439,0x5aDB100085e0883efeAEE58955bE5b5D182e1E0b,1376,0xC3ab4c3f6Ce7B0c38f9F54AF1be08813F98F41a9,1876,0x5AE5949449823a9eA8DA7C84Af42dBa0A320Be80,,
440,0x5ae2B626432F8dB02e9f5129E7be925C9dC5A228,1377,0xC3d0Ad82eD05d023f73f90fb136e7b36b5362807,1877,0x5b6e1Fc9E8e3A6dEB600d1075A43dFaAa28a1208,,
441,0x5B71099C2220f121D136a5aa632700BBE4FA7F18,1378,0xC436Ab1a355CebA1123Fa8762244b8345456aBCf,1878,0x5bdA39C91484Bb964f814032c7efb7AC43c11Be6,,
442,0x5b9566e0078715F72BEB95C687C4ced9e3320335,1379,0xc44e90B64724C740C8846dfb700485785C4a3147,1879,0x5bFBF7AEcDba38d451110a08FDaAdF7aA5Fa8408,,
443,0x5BCb5688c6c2904C5d4BB7cb897D91653B81f642,1380,0xC47AC2f3D5F0bC244e48B7626B1c235f4FDBfE06,1880,0x5c3C633107FF12EF43d1d37F48A1Cbb6430a37B8,,
444,0x5BCe52457F0090c3206f8A2027a01DFa30334078,1381,0xc482514229dF515a8D95DD5669465fEFb49BF56D,1881,0x5c65a8bD3dCd8E1DD28Dd085b2465721d3b1185E,,
445,0x5bE57863C1f0d18dE18bdB806E3338F09F9Fb5c8,1382,0xC4cCe736Fb4ADBBEF56F03E273D76729B02283c7,1882,0x5c8098c01756bf584D30610b4DcF654A84c6e1A7,,
446,0x5c319805d80bAAd456B9A9F0A77581F37938FA79,1383,0xc532874F83bb76b5D722C566858850aDEF60C43e,1883,0x5cC36E9487487f5AA61A7D5bEAE61901498F0a92,,
447,0x5c9eca70F9DD4e2E0621e304e80AF961da99920c,1384,0xC5aE5b8D1A0Ffa3b4c733A011C287Fbc7c28ECf3,1884,0x5cc931D5377A7A089b8226e5FF3e31f5Fe932F5e,,
448,0x5ca99060eD6c7b8fCFdb0b0F33bf7612A3a31BD6,1385,0xC62E80a1af2eC193AdE9BbfeA3b846005fbcd87e,1885,0x5d0aBd18385Ff87B70B3b98b6c5105C2b17EdC49,,
449,0x5d34B9b85Cc20ceEA8C226dB7863618713A6CBBb,1386,0xC633F49eB8BF986B25Dd3d38088F46c868AD905e,1886,0x5D49a6fB3d4376E74598Af1CFEe6311047C6ABa2,,
450,0x5d4d1eE2D566085A96140Df1C97a848de80D747f,1387,0xc64ad6Ab2cea75887D9CFCd8073814DC4832d7eC,1887,0x5e44dF775407E1C0c9816511BA3c9bBA493E80d7,,
451,0x5D563DAB5d0a32c43d719BE913bDe3cD9Adb9747,1388,0xc6610c5129d2E559c8e4D0356F0EB1Ce2e98c301,1888,0x5E4D4C1eD21A6677957A95Eb26bB81C8354Ce531,,
452,0x5D734A1377e0B37Af9B60c08B058Fa0885014a91,1389,0xc6A10d35C0D6E8e4ca91880B4E5CDb2Ac09b1B53,1889,0x5ec363d4A5Afeb9804C00cF86Da7fEF3c608743E,,
453,0x5dAb896D5664b0168c3B8db768b093f457032379,1390,0xc6eAAcAa6De1b7C98Ff558Da46E0Bbd62a333885,1890,0x5Ed54fB27e8A1E7fa8FeC5A6818C667844406e86,,
454,0x5DeA7188677e0EB7d3C1b38623bb123E5570b98d,1391,0xc75264665991CDDF62cBd0df32987A1ABC5C0a6F,1891,0x5F7730607A64eC932C4F0Ff29B320D2d2EE1690d,,
455,0x5Deb1c8B3B517B98cedf2210807045B2770aDb74,1392,0xC7b5Fd14f77Bd74fF19E104AE261dFB817F651df,1892,0x5fc5fa0A4DE088bd1BDa922314c20BEf6C646aB3,,
456,0x5def8ffe9CEfdb6F01bDa73a6b1d38E6F55B8b65,1393,0xc7e7806E5D409Dd19e12067810ea5196d07CC9eD,1893,0x603b090fd097ba927b2063c9F6d2245db573d9a8,,
457,0x5Df7A34ae30dBa54ee5d1C5949A1d6168CCffB07,1394,0xC7eF9d4D933580c80Dc539efD72c67B38f1D8E1a,1894,0x605A546beAEac94fcee6818fa120E65Ee3738C38,,
458,0x5dfEf72B29DF6Bc8238D59867005147F7Be4AeCa,1395,0xc7FA87dA91788fa50b952861C66E231850aF6583,1895,0x60937de47367bDb5cE506b718A73E67677b49a61,,
459,0x5e87e6B2177f00324b682f55fb096b31D82af5F0,1396,0xC8163E36B4AE8885347c2621eeca527F70D81ADB,1896,0x60D4E667222b657fEC041552948077068F1a6FF4,,
460,0x5EB9DF642d44bf33071D3468629601009cF163e9,1397,0xC8221Bef1e749b4f3C2Ed0a9f306a0751cb37796,1897,0x61f73b93dcA93D74F0bb939C485cf86dd2e341B0,,
461,0x5eb9EaB2dB186Bb9eDfB85Bd3519D5cA2B8Fb1d2,1398,0xC83ec0Ae5bFeb6e43f706E954ce25768d7b9Ae8A,1898,0x620179A40E8764d92B76F5A0a92Abc41330eb7AA,,
462,0x5ebb4af67a2a80255beea9b4fe047755d7c94878,1399,0xc8469deB5DDCE7375FaEd8fe01D910c18E020Ca4,1899,0x620c870d8e5d5f3F84Af663dAaAdc41c2A3Cc402,,
463,0x5EF4c7B060305C47cFDE4A1585e13f7A118da998,1400,0xc85ffDA556AF083740849c982d52Be40A3806d48,1900,0x62a1A5760D293C5102935310A890b075a02b37f4,,
464,0x5F39c49e3146e444f2Bb4F06eaD86B37F050cAcb,1401,0xc8762633c9F0e08908537F32d9e0e3C86EFE10cc,1901,0x62B503D40abBB8A31E62f6c63c988C9985A15754,,
465,0x5f621cF2B8907BE6fC04fE4Dc5b2e51532f311fE,1402,0xC9124fEB864Dc7354FbF53eEa3Ca876315490973,1902,0x62E023e0f0ABC10A2825f960827709d491Ade3fd,,
466,0x5f85abFb516480BD97cE800ed4f2BA840EFDf19E,1403,0xc984A9EAc15fEE46Fd214e63027E94862a8aB9a0,1903,0x62FF18ab552bcB38A6CC812453e18EBc1eA726A9,,
467,0x5Ff7f9cE980676890D5b29D036fA14D65388f84D,1404,0xC9c13891BFff8719B185Bd9A65E71042774ae18c,1904,0x63C1249827c7656a4141cFe1d2d9506Eb33d1Fe2,,
468,0x5fFf690a9a7171B912707188eA27F75094f9309E,1405,0xc9E7514EdD69862beA1EE8C3De38bfC961E61D3b,1905,0x6407Da2d68BC27746e9E7539a1F69Ff03e6f7A13,,
469,0x607095236FaF6562015CF9bCc38B8C3c0a65F5c7,1406,0xc9eE309b4739823E511dab7d5e2702a9b6084bf5,1906,0x641DB458054CC4F919B41808d7A474DA25D6A741,,
470,0x60831eB420E3EC1412BDB860AC4D50783868317b,1407,0xCa2049A21E43825Dc89C199aD4621a29B687a40F,1907,0x64667c9b1F608f958207f21A8E76688ABe56dcCb,,
471,0x60aF13C71fe0cD7a1D930a724F27c8549e32083d,1408,0xca378b6CDa675a0427D35B79407bC2081970B946,1908,0x6476aE9b6aE669BBa95fEFcAdA9991DE6b255EA5,,
472,0x60fA918233DccfE7fD555d4Df883163fa7ECD283,1409,0xCA9D0B9Cb055Dcc5688EBA48be9506Cb2006cc48,1909,0x649CEFa3e4972bA04b36555A4b94aE9F76eef5B5,,
473,0x60Ff8eF50872d180f093AbdefC33ed3B3EEfb724,1410,0xCaA8Dc98251e5C44b0741ef7dB1451E2D0A2A974,1910,0x64aCFA7a160dbf1C704184b77d4707AE81e53B26,,
474,0x611b6663f1a4E5E4990A8A6669dfF3c99D2E0fb9,1411,0xcAc6DA0e065c1B3355028B4a3FB87608F3FCED6e,1911,0x651344590404D1549a819Eb2e921d07A59C1F658,,
475,0x6149F062A966B6b9649D63804399b58bE6a871B3,1412,0xCbC6E497363c2905272D2c2ae86F23964DBF3d09,1912,0x653359cf2b9ccA8F4cD22F04faA1C21d79702B39,,
476,0x617F8D8F6C5E05C50e1aA3B0D221e0E32C2c12E1,1413,0xCBD47f15Ea391d9FbE6B222d03A1D734f5841360,1913,0x658Eb4cf1cde3eF6903A0040115425F1D2aBE832,,
477,0x61ABb29393705bBffc90da02d5E58f313f4907Be,1414,0xCC592a557cca4e42944Db73eF7C3FA48e3F7F3d1,1914,0x65944B5634f16dCacdaaCFDA8919689bFF29af3e,,
478,0x61abe7aC17bb17A457Eeb7d2F4Ae91430373AFC1,1415,0xcCB6b02f8ade1f6be348F410783B49Ed2C2f8698,1915,0x65EB01b7DC0CC01b1375D3168a3488aefDc4846A,,
479,0x61FeEfA9df5ccEF5FAb81358B8d51C71eEEa361D,1416,0xCCd3B288610f8D4CC34602478F0B9aAac0Bb5976,1916,0x66292127F8Ef727C63f5182832C8D24B037267CA,,
480,0x620f622DC5C21785788C0A4150D793a812E21c20,1417,0xcCDc8d03718B192C6076Cdd37e254Bf4C71D934A,1917,0x662aD135666E23EB5c00CC2C5D720246D98704a1,,
481,0x6210d6c36a38b225781fcd47ce9a9df93d25eef7,1418,0xcd193C584e7944D8B7A105422e3B8DdA58168306,1918,0x6655aBf4A8f4B18e48236c348458B4fcF240F7BC,,
482,0x625209e886A34694BdcdB06CB7D12Ba3B7015626,1419,0xcD8E6f165AAb410065b4c10F5Ed064629b649FB8,1919,0x66971b505158B74bbEBac028d6519924A6822563,,
483,0x6273e07bbF88390CF5C48D0a5172E543Ba57C2a9,1420,0xcdc00C3f2464Bce6b09D966E95108DB212b59f3b,1920,0x66a4BD9D65Dab06ef98a1389250e198B8F12e119,,
484,0x62F174A3Df0dad5Cf6e3D2501aD8C7DF4F59972A,1421,0xcDda5475C81789E4b18a0B4bE51Af8562C771c1C,1921,0x6718c65207B3B3033C36F4Cf9e0E60Ed35D80628,,
485,0x6341E2d6999db619f0211EF9E0F6DC32Ecf88f02,1422,0xCe3413aDfceAC5406d6a82F91A9Bb67E98563338,1922,0x6788c730e4396B872c0841883799B47721A3a79C,,
486,0x636e146CbB1d5c7e9a223F774CfAa6A383A5A846,1423,0xCE8DBA8778F97684dF0fAF9AA23A80813891E2fB,1923,0x67Dc9Cf73CFEda1139DF46182614D202088eAEb9,,
487,0x63a1EA34C338F6d8Ee410696Aa799885a72AD097,1424,0xCEe5925fd810585Da26D3b4F4133E47d35311d7a,1924,0x680364e00bf53f9793c1D4F1BA9E0E825d49E79D,,
488,0x63C354886FB84eA4EF1B6a3Ee11d5c8c81D943D9,1425,0xcF8C23C94f5D69Cc00D9312370Df3001084714BC,1925,0x682382543291E0E8402Ab0F81F0337a2b2898406,,
489,0x640C18eaea1b97A765814fbc9247f534F9aE0559,1426,0xCfF0e3608026C5d091D3222d84f757136FB03d07,1926,0x68C5C8f2c6a8A7D4f6e8b75b21D2C576f867574B,,
490,0x64766F7Fb8Ccc99c5FDba54e2e968d1d244B83Be,1427,0xd00fa1d7e4d1139ed808606589386c88117c48d8,1927,0x68d20A2e74562934501Fa978D1013a6fb6f36e6e,,
491,0x6559DE90ceD2647cF9bbFF6f3aBB77342719C6A3,1428,0xd0141Bfc009157059546aDc577b9F9D9aBffbf7A,1928,0x68EA0D7dd863Ddf662B1457a149f40ABF49Bf7e3,,
492,0x656F5431763FF08a304A8d6cCe5e347167eB9b45,1429,0xd0877e7EC98806496D97404Cb134d554d16E8743,1929,0x6946E92b266d9Bdcc44451e03F4a0d4cb6Eb661d,,
493,0x662eEB42E6Afd6FD2DB032D0Ed5a527D3cFB6566,1430,0xD0a4cc69977E6EeE2E80B8395325AF4FE6aDa385,1930,0x695924010967B1b76D2D606ef881ce2d0637e165,,
494,0x664E9109952896e709E7347EC0D6C4f79C2797B5,1431,0xd0c9fECc2902A23370fC3b412AFF82f4d64F0D55,1931,0x699124e3277E2573eB06114DF5219dfA86DAA381,,
495,0x66913AaB7e3e82079C71645F9434236395628CfB,1432,0xd12C223a6B219578f3c6d5426A70037b58a874d2,1932,0x699BfFB46d059bEba068120d76B7bf4e8045a277,,
496,0x66AF73Bb8Af3EA8FbCcB2857295A61eFB6166A3D,1433,0xD1739773603745a802F2BCB1c4CF9F26B403600c,1933,0x6a126afe97b381da22569db16f9dc3cf43866ef1,,
497,0x670F9F526DA59917F9CE83CAAf8dAb73cea3a8ae,1434,0xD1Ba37b0B52D9f018d8fb12C2272a66e048ce134,1934,0x6aDeA2df2763e3F0EB802638bc816F79cA0431Cb,,
498,0x671083d072Fe5F8A8AEcd532438efC325CC7ea49,1435,0xD25665948B2757cAE16b12038ab6009c8a954b5d,1935,0x6Aee6Da008fA72DdE9066448db517B9151C330A7,,
499,0x675940c51aC71DE1aAa62C6d0AC1b5125352c418,1436,0xd28368bcfF37319072cC5a83012981755C1186e3,1936,0x6b0B4249dF97bcC0c77f10df753DFC5Af3C8109a,,
500,0x67922d131d8B1f339Bf2e93be6D7c23eeC5AB106,1437,0xD290F4b0a2AE27957395B0Cb42F9Cb26B98C5656,1937,0x6b3c30a40b3B2fFC0c56E0ea287983cF235eff45,,
501,0x6bA8191C279549969Fdda9367Bc24D46563F9a22,,,,,,
502,0x6d77756537aC02336B3224Ee9A3103134D972afC,,,,,,
503,0x6d77fD16200168f1858C7962631C672c06b88DCE,,,,,,
504,0x6e7501f9Bde9F991A311257ABA3F94B4dF5B30a6,,,,,,
505,0x6e7f42d54d1973d7b85315930dc8f92ea3bdc3d3,,,,,,
506,0x6EeBc628F5909130b2BC230006D5ff5652A24912,,,,,,
507,0x6F48F870cea62930efd45EbEBCA0E9Bec5d17Fc6,,,,,,
508,0x6fB2680dEa272647Efc34F89cCd0462a1f0D14B0,,,,,,
509,0x71016beDA2D0E1f559Bf7663c848A9c0626DF8D2,,,,,,
510,0x7147Cd85F014d989b19fF5853215390B98c435e9,,,,,,
511,0x714CDc8Cb7F71cF79deF98D430eF98B1D76A4D9B,,,,,,
512,0x714eFdB22E3Ba1Df7FbA2d1Aa2e04e0bf0332Ef8,,,,,,
513,0x7229058E15a790e1F338dA490C3931d53e11738C,,,,,,
514,0x722fc6a642B0758716732F1263465EfBde11E2b3,,,,,,
515,0x72BCfd20a3486eCB854848fb4090c1DE56bf1ff5,,,,,,
516,0x7362c078357686854A323C2d27009c4EFABB0bFb,,,,,,
517,0x740dA4801266270488f2fd3aa0A391540095Fd8F,,,,,,
518,0x745cA6D9F8Bdc12CBDE5d7D1B09D2F304684dF41,,,,,,
519,0x747c940551dFBb27b007B56c0f39f492985851Be,,,,,,
520,0x74834df17Ca524aaC0C6a7de728332D0237e5050,,,,,,
521,0x74EA935e52D52d14249fC27dE5b20716f2149990,,,,,,
522,0x7554A43060c10F9dABdD4EB0c9F5764946ddFFE0,,,,,,
523,0x7555115e8dA42d6Ef36F9D266DB4cE8Fc461E1c2,,,,,,
524,0x75639358bc8D05ca28A7b0a9450ea15B123941D6,,,,,,
525,0x7582f819E85Bc147a5d95B7aD7d1241fB1F21101,,,,,,
526,0x75DbEf8dBF311aA95628dD89f740AFFC1c639415,,,,,,
527,0x7634EF1f8f7DeE5ed838AF898033b58042305e74,,,,,,
528,0x766B44BC6749c40c4AB23d440f57Df0EC071Cd69,,,,,,
529,0x76A03e368FEf81E657401B84E7F5E75b23C6AA0F,,,,,,
530,0x76D7Ecbe2f76CD4CEf690a7A22Adff0fF4644321,,,,,,
531,0x7735D545e0918d7Bc5B46fA4aAd7f26a5FdEAe89,,,,,,
532,0x7765433345319d660D9a7a4191ee7Fcb3A8747eD,,,,,,
533,0x779404AF15851de640c5A194b8dDC3392490f5c1,,,,,,
534,0x779523E70C4F231e80A3Ab7C3D1A0aDFae25c9dE,,,,,,
535,0x77E2D65777eA068e894ea95F55217aC96ceC222B,,,,,,
536,0x7829881c5F9237f77b9FF3B4e933184d419B44c6,,,,,,
537,0x79463540DC5027712f4A00460da00A93b4C9e7DA,,,,,,
538,0x7A1a82Fa46262d2aEd31A81db33aC0384735b409,,,,,,
539,0x7b43331494860f1ceC9D884a703e617e2ee859FC,,,,,,
540,0x7b8855153bf2678628d45D7F8DA7364109af538f,,,,,,
541,0x7B9a7F2426afdb69DCBBe0A864Ce19931e5A98F7,,,,,,
542,0x7bA773501fe9Be1A1a71ddEE532AA12e0fD40ef1,,,,,,
543,0x7be711d09d23794fa73f862eea35b1224a73d667,,,,,,
544,0x7Be83c73394b0F9C4AB707d65aFEbd717e1d6fff,,,,,,
545,0x7bFfC915955Aca3c33d3744c4174d677a5aC4596,,,,,,
546,0x7C20Fe3027cCcCEf585428F3C4B9B422060aed68,,,,,,
547,0x7c5e5329317e8A4e9432bCC16e149Ab976f7C12C,,,,,,
548,0x7CC9718d345C26F23B762EC4916c0924c7fAc237,,,,,,
549,0x7d3326D6a212C0Fe3278588e4084F2bF8FFbf5fb,,,,,,
550,0x7D7bCf35e85ef6dAa345D0489e4eFf41F6D849bD,,,,,,
551,0x7DAE1AB4d7c3271127a0cEaea5a424Df9eac443c,,,,,,
552,0x7EC07129e4637fc40C385B65BccE83A1A7e02960,,,,,,
553,0x7EC44B9B3734a8e804148933f8e7cf2099F4d213,,,,,,
554,0x80021ae01862479A5dDDb71Fd6b8218638867431,,,,,,
555,0x824C5c7B6669699Cc73F56378b5d5c9cC41a1a1d,,,,,,
556,0x827f9B47012a2a9eb0046DecE208572b8017e73B,,,,,,
557,0x8336eB3D07BF63B2A80DCfe3B328eC2416F45e43,,,,,,
558,0x83CA5c38036a91A9202D8AB610E8A02839dbf6F0,,,,,,
559,0x84168787FfB1cd40C5fe1fAcFd8368A3e30794aF,,,,,,
560,0x843aA339C143628DbCC0DC9F3b955f3654C0D8C5,,,,,,
561,0x8488ECF89daC3a5bE525a6bb221EFC247bd01583,,,,,,
562,0x849cb5391a9d91b78edb77484e0d3ab5fcbf373e,,,,,,
563,0x84c2238b23890BbE101CAF2D1D5348Baa840e866,,,,,,
564,0x85108c89D12a8190a82276f22dbc4b9B22b5Bd53,,,,,,
565,0x86328f3694e2b7aa686f58fa8f27fd8d012b3ad1,,,,,,
566,0x8674FADE2e56Ac7b8EACA7844037CEC26403Ab43,,,,,,
567,0x86b5705B48fDcccdFA1524337A78591881331B2D,,,,,,
568,0x8713307fdbb21d9015D8A4e8BbeA13C2ec1a34d1,,,,,,
569,0x878Ed2119674Ca9f0D48eA822DFFED44562A1929,,,,,,
570,0x87F5850e3d3986139B8C5337F469efe54Dd0170a,,,,,,
571,0x881b28fEFc758eD393b206804A6574535bAA5D96,,,,,,
572,0x882D789597778Ec5477eC4984f0Aa1C2e9275B8D,,,,,,
573,0x8845f68e3719d0ae730f53135217c2b5ec87190c,,,,,,
574,0x885f01790Ab4f310124Ec226B37Ad0B8A98fd555,,,,,,
575,0x88759501CD9DA2f3CF5F3633fEbaCDA224f9d03E,,,,,,
576,0x888F1DB6484DcEe4D05A91A86a7ECCfe495077eC,,,,,,
577,0x88EE159822CebCDDe6432644021f903e811fd79b,,,,,,
578,0x8909a55693A86AbC9DbB9e0a0bC1FC9D78A04323,,,,,,
579,0x897808d6abe9451adabeb3e48262be93be8b7b46,,,,,,
580,0x898128e0085b319cdcfb64033533ff73a9d79139,,,,,,
581,0x89CFC674d0ce92bA282614Be7c371Fe0A86c2F39,,,,,,
582,0x8A7326E0B92D70D59351AEFc16Ee73e81f7aaB42,,,,,,
583,0x8aCBa002016d71016c55650A367a776d4D480471,,,,,,
584,0x8b01093d13cf923a12ceb53c8854add4519bbf13,,,,,,
585,0x8bc16a5b5F883120AaE614D272bE94E05118BBC2,,,,,,
586,0x8C18325aCCB233E1058f92D99F4b193ec9aC9223,,,,,,
587,0x8c2101C03b43b62d32b9d25bF44453C5dB938B3b,,,,,,
588,0x8cfd13c2632F6D332473A6dc9dC409FF3E033f47,,,,,,
589,0x8d3D518Dcc4f6517939D45DaBc8Dd07ffEacb948,,,,,,
590,0x8d4A176E7ABd1A0FEefaA363839fD4f1daE8909d,,,,,,
591,0x8e3C3c3849B1B618D63cD53f4821d348bba40B19,,,,,,
592,0x8e498AEA68B5AF66023AA0EACeC9E8F7ABFaeba6,,,,,,
593,0x8E5263ea85e08C6b90879836fF210fC903E88f17,,,,,,
594,0x8E5C6d18a158e7F6D6B5D925ab878eA921C63D8e,,,,,,
595,0x8eB8d0f8AC274a1B75E9b92b826F87255B9072B6,,,,,,
596,0x8ed477c421c81c799eb6b6bcc88e984d0dc86e66,,,,,,
597,0x8f23e1f96d7C9146bde88693CE5F6d763F311cE4,,,,,,
598,0x8F5a1E5ae1268A9eE506ce2112550C9021efF1Fb,,,,,,
599,0x8F5e1fA8e6559Ec326873003c7A01Fb07D8c07D1,,,,,,
600,0x8f7B6c14a72808fAEe87Cf73CBd6E31a0e8DA7DD,,,,,,
601,0x8F961502B98d0D76237429B3E979f15ad64Cb10b,,,,,,
602,0x8FD7501487b0b72F28e94233C669a1B400F73eED,,,,,,
603,0x901E0b017e617B15CA8418ec343Cea7cd87455FB,,,,,,
604,0x9102F07Ef98bEAd2f37eB3Fcd20AF8E3099B6ccC,,,,,,
605,0x91b0b31F24195DdEBBDE5cE74e22cA68C2ebf079,,,,,,
606,0x91f7A956Fa9141B08fa85926a905dE6b755590Af,,,,,,
607,0x9237572FeEC0D426eE19eb43eF5913C7e7e8fc8f,,,,,,
608,0x92D7AAc06D1F44e3153B1c89f6C3d918D906691C,,,,,,
609,0x930F9507A26Cbcc92036DB5405DaA83443dC8B5e,,,,,,
610,0x938a710056Bf01644123592DbFB7b6d0034906dE,,,,,,
611,0x93cc7a3f2aA3975defb36944d99179CA0f14B273,,,,,,
612,0x93Dff3fF3c72c28bb8e5E976d9B761cE517EC108,,,,,,
613,0x9428Bae6b59Ff05d8fD0d1982f78c66d8500ee2C,,,,,,
614,0x9505D04b697c716c5dAA082958ff6780C65D622A,,,,,,
615,0x953C6c0ce8B99f79044f16c0E7d94304553181e5,,,,,,
616,0x95a5221Ea6b317e26AFEE42EDF4e6a5a4B02A5Ae,,,,,,
617,0x95BA20B3FE4D55Dd546bFbEE92E717d3E8c6F983,,,,,,
618,0x9610c4DE69C750Bd5bbc5Cb2904006Df9f0A9a41,,,,,,
619,0x96377E947C88B68144a18f4fd88d3BEEfeF753F2,,,,,,
620,0x964d495B802793Ade6058F6720cA13715ed7217D,,,,,,
621,0x96b929cE445A2DD126795356047Fb06Dc7F7a163,,,,,,
622,0x972EBda8A2EE1D661908764596a89AAD494D7d5D,,,,,,
623,0x97c18640F9A3985825a80E9ffBe09C184F919C36,,,,,,
624,0x97d2553F55B372F4aC89CD97a725E702ac4F53D5,,,,,,
625,0x9860182f1603b582f6B14a074157c67784468D7d,,,,,,
626,0x987Ff44A90051E8cBf66f4f14fAC0eA7511771eD,,,,,,
627,0x989c457acCbC393BCa56Df69a2fdF0436f8A62Be,,,,,,
628,0x98e7F0b39927699e70976b5d48fc7E0cD16fcbb8,,,,,,
629,0x9933433991A73260d4DC59Ce4f2C29a623B09822,,,,,,
630,0x9A39791fc1Dc741c659B20088c1A829b05E51B6D,,,,,,
631,0x9A7A20FFc96946cAa68F41acc7cBf758c46A056D,,,,,,
632,0x9Ad4880b0d7fdEA09B054b6A7e49C5690Fc73cf1,,,,,,
633,0x9bf017980B3267abbF97c8d51149bC9e0C0deBB7,,,,,,
634,0x9c02201a72989133b28E0b66F0b07d9dF9434287,,,,,,
635,0x9C0B9637b2800658de13CcF2008B7bBe4C285801,,,,,,
636,0x9c218193d7251db7224CA08A68fb926bc8E1dBEf,,,,,,
637,0x9Cd7640C2Eb9638A08baaf9f224a50496e64B948,,,,,,
638,0x9dC577dc8cB3737d3220A5455641d3fC47f06488,,,,,,
639,0x9dcf1a61c8924198de9503bA32bdD7035b4e104E,,,,,,
640,0x9e89D02368D344cFe6fEC2AeD1f10f8E5E958Dd1,,,,,,
641,0x9F3C2cE95b63e02B2c94c133c47DCc54f89f8a5f,,,,,,
642,0x9fBc95B798451E078D24b77e27259E9626AbaC64,,,,,,
643,0x9FE4e3b54c2A2978508EcC783879CFe44906bD90,,,,,,
644,0xa00E648249EcA51cD076b3d8d41B587050d3B14c,,,,,,
645,0xa18C32d3097415096CfAa6F0dCCD4fb8Ab6b56B2,,,,,,
646,0xA19005A1EeF677e66cA32a5BD48B6f748B9d1847,,,,,,
647,0xA19a166222180e5aD418350bd1C621374a9a97E2,,,,,,
648,0xa1c348F76B370ccA68e32dA009D6Ec5a1C67fe2F,,,,,,
649,0xA1C3e429dF892930290703B54aD3f9f0Ff07ff9f,,,,,,
650,0xA2D4D0356a90f1Ea6bc5e1aC4506aFc25a82F4CB,,,,,,
651,0xA3856b4eC5e139256384619f369a878E8b9727DB,,,,,,
652,0xa3Afa12153B562b3F54C2b163f671d1C17FD3bCb,,,,,,
653,0xa3E48A3dAD52973223AF2Ce4e69ca42349fbd59D,,,,,,
654,0xA3E4d2c3873bb9539E70d197B21305Bc84ee7ddc,,,,,,
655,0xA44947B4bb5DBb62bf9D2F8CFeC06c00e20212D5,,,,,,
656,0xa45B2F74A9478070610D8caF5D7B55B52D41DABB,,,,,,
657,0xa482f4477c1b02bb2c0B48530faD9361645050F6,,,,,,
658,0xA50F04b40Fd89CEe90C31E22DD8cf53cFf74a76b,,,,,,
659,0xa57Ee9d2DED16B064C202BC76b67F405e757545a,,,,,,
660,0xa5F8660073b1A804C4D86Fa42E1E933b7CaFC658,,,,,,
661,0xA623fabE9947B2954A6a596e19772B122432c9F7,,,,,,
662,0xa66b43FDD016015340a6B491472eF9EaA6bC411A,,,,,,
663,0xA682d39f4aF1cc529ea31058aC3715f1FF96a2b7,,,,,,
664,0xa72cd60af365BB59a7d9b804eE42369Ff16d299B,,,,,,
665,0xa88276D87692A046784ed2160B373E97c9e0e0bd,,,,,,
666,0xa8b8831196c79dC7BDe755E8B76D6E918Cc49FF9,,,,,,
667,0xA95eBe34F52c130F5030224E6a91749E92e88f94,,,,,,
668,0xa97bDFd85F7733bDA9DAb3f53213F59bFD065fc0,,,,,,
669,0xa9dbF1C16E303B0a6ae3d9D9205224514C144c0b,,,,,,
670,0xAaBa14cb64D906c49B42C52b6577c37240d99dd8,,,,,,
671,0xAB05EF6c56723210A8EB30DAFEBdda45Db5Ce62B,,,,,,
672,0xaB123173269b2D12B15297940543C63EdCcFaBB0,,,,,,
673,0xAbA6da7c5c98799da86E6A541065647aDe4f7a62,,,,,,
674,0xAbB566a1580F64DC9DC6188C9376CBBA54A14bb0,,,,,,
675,0xAC55d28Db9de133A06E06284ea2f6475f2Eb4C9D,,,,,,
676,0xaC6245287b8d7c86fda7b91D31B9Eb8F446A9e20,,,,,,
677,0xAc692a45BdB3eFA36F5ceA5f37B166AA46447664,,,,,,
678,0xaC75E1036Fac828C190aB1Bfe8722Fa604489C26,,,,,,
679,0xad0d8f2143cf71312ffaceb8d5b9516e3007ef2e,,,,,,
680,0xad196D0C2FCFA84F254a794871c37273b6e2fd2c,,,,,,
681,0xaD9869900fbf49f506fee2BbB523076059C6d1A8,,,,,,
682,0xADaCbA1Ed1b5EcFd76C9E534541270Fb74eB604E,,,,,,
683,0xADC57342f068312eAfb530c12E3cFaB3404eb2c0,,,,,,
684,0xaDF89b4FEE56157326D5A2B260795E8a1321F1b2,,,,,,
685,0xAE0F84CcB313777f8483A6719BC9d2De3591B3a8,,,,,,
686,0xae1e5eb650a0b02861cecccd8c86bc1f6df6e449,,,,,,
687,0xaE3023Cc727a08A76776344A271da880bA3c4bc9,,,,,,
688,0xAe6259fF469A98F93b4C915515c20412853f63e3,,,,,,
689,0xAE92f3b47dA60A57deA94970f5A8168405d31275,,,,,,
690,0xAf36169F3566C4F2Cb15232E51cfa843AbcbfEEf,,,,,,
691,0xaF405784aB0C6a482144703D1f314d76f4b1A148,,,,,,
692,0xAF60dEae028d10D966cac6992118CA4281610b7d,,,,,,
693,0xaF75bd0A766b8cE0A77492a008CEB7b681476acf,,,,,,
694,0xafc60E17dEA1a9BD73E9545416bf9bE32464368d,,,,,,
695,0xb03a9eae5816476096C4bE17231473D6dAc5460C,,,,,,
696,0xB03fff6ad3f1eE2A0DcA9ec942fF191890E7f0b9,,,,,,
697,0xb083eA679f731BA28bd85dc2FE2645d6767af41B,,,,,,
698,0xB143fF409521c495151c20D1F8b7e6223cfD49Fb,,,,,,
699,0xb1923f24EA91b0943eAdB83df7c67383957F48f0,,,,,,
700,0xB1A6fADd6aFc86E45f7b8CAD383eE53D3De9A4aC,,,,,,
701,0xb1B0D18a09f67779d43c645A5256D4348077659F,,,,,,
702,0xB230aa5047a510C50c2A16711cBF635824E1deF2,,,,,,
703,0xB23160c2626BD99798402F6b4Ec522e4096fF470,,,,,,
704,0xb265A220bE9Cf3C0148c1b1c622451b5eD13e9E9,,,,,,
705,0xB29B36B5EFaB6ce7b60bec9C359224F54D7234A8,,,,,,
706,0xb33D6f5692F444601Ea06b2Ca1FB895AfA2D8186,,,,,,
707,0xB3A6ca8a6d06BCcC98390aA9e15267c24D0a204A,,,,,,
708,0xB423eA414829f9249d50772712036503f0Da756D,,,,,,
709,0xB46659DAaf4BdB32a8eb943EddF8D48Bc028933b,,,,,,
710,0xb4f0C739fa3C9fCb577b7002D8C292f2078Fb14F,,,,,,
711,0xB4f17a684E1d358AbcFdb59292D4D32BD3e277D4,,,,,,
712,0xB512beF8ae961B053987f7008E6e74bb97AC9B99,,,,,,
713,0xB54e307dAb0FfFA826bEF507A71dc00c8e60c58A,,,,,,
714,0xb58CBaeD7a8A8C08798fe80B9B881B33A9fBBa62,,,,,,
715,0xB5BEaa46A022e84ED944E44124b59bA5BE2090A5,,,,,,
716,0xb603d84E66107a9f0fFEd48B9497D8088a95Be1B,,,,,,
717,0xB60bDca2Ff47826619ae061a18785d0E0277d198,,,,,,
718,0xB62223014724f7394538b9e715c295941A402677,,,,,,
719,0xB68Fb9CB581CEDe64E7fc7D3bE8D32c55906b2d4,,,,,,
720,0xb731a0cE1b9B83637025056F623710D4e4DAd005,,,,,,
721,0xb75268916ec8B8CcE34476608017338aFf52d3b8,,,,,,
722,0xb79BfD2d91c2aa95Ba163a92A80FD522Fcc8EDcd,,,,,,
723,0xb79dFDA2E4f34178eE546eE5176a224E14D8b7ad,,,,,,
724,0xB7A71271457e3bC8434faEe64e0a3b82A654Ff9e,,,,,,
725,0xB802618eAb9bFa126aa163212Baf18e5D5ddD43c,,,,,,
726,0xB8c2c5661A4AC440b6eeBe841e05fB5f4B46A49C,,,,,,
727,0xb9078adf925EC0886588d8ae51c59b9188c54812,,,,,,
728,0xb910e891E8b5983Fff99C0c7932F1c32C140A07B,,,,,,
729,0xB977e2FFf7b2cfc246D9Cad26ec03e818387b8C8,,,,,,
730,0xb9cC8b3B22f55Afdf1Ab67Fd552fFB7CeF7d24B3,,,,,,
731,0xb9D475D02d294a46deb936bc9A942CB6c7d254f6,,,,,,
732,0xB9f5a27B4EE1951dF5233100374c8d79158d3AE6,,,,,,
733,0xba6a1E7Ded7e19c6864c4379fEA75cda070C7fA7,,,,,,
734,0xba8eE07e96B800BFe96dDb706CB20c72b9d5E370,,,,,,
735,0xbA9D5296dce2676D45B17Bad09A1493BC4348A56,,,,,,
736,0xbAbcF928B7a0695A6055E44036a7Ea710a12Cb23,,,,,,
737,0xbb20b7dEa3A86F43675434A5021389811004E5C0,,,,,,
738,0xbC7EA57DEc90bF716d17a9a501794F8eC6848b98,,,,,,
739,0xbc809244936f595b4cfaf043e97fd5480d6bce28,,,,,,
740,0xBc9fe4581b83E62C06aA6ABfe1965F0bdE6Dd829,,,,,,
741,0xbCc1C277E3cBaF2b7E63A97cf33D1F92c1848fEC,,,,,,
742,0xbD92921aB72bd409E855842BE57847E4d5965251,,,,,,
743,0xBDD25a3AF361Cb597ff4A9fB6909F790648C252F,,,,,,
744,0xBde993AC96D58dcd33276Cbbee614f7C7cfB8a48,,,,,,
745,0xbE1bC89356361f1Ba8DBeDe2C3BE2686522246A4,,,,,,
746,0xbe37cE55646cDb5d0DcBe1fB7d128e5A83a83E9b,,,,,,
747,0xbea184D805335C0830528D7d4afa6c061ABD6B95,,,,,,
748,0xBEd93710380581F2B276EC32cC5dE3b2245Ff2bC,,,,,,
749,0xBf0185BfB21761B84F74Cf9955Af2c6B9A5eF0A0,,,,,,
750,0xBf21bCccc7823Ce3960908C2E45D4C7af5B8f3DE,,,,,,
751,0xBF9c371E7cab78e45779c4f46eEabA4c5B82d995,,,,,,
752,0xC05444251077C989b15D5460490538c983277163,,,,,,
753,0xc0bCD7735cCAc6EA02BC9c53dB48D9113493a21D,,,,,,
754,0xc0Ec8e5dee0eEE40B0E2d0b45528105E95Eb066D,,,,,,
755,0xc0f125A7f0aD7d9f9daF98B81b0ED0F62AA85d4C,,,,,,
756,0xc10E1F5a1d3e8FBB8A2DF917f425e655f8d3e756,,,,,,
757,0xc16EC6906d4C261E459Ee414b91B014824B7476B,,,,,,
758,0xC19B5f8523Cee00080146c606D215224018E0675,,,,,,
759,0xC1Db2121C01375aAc7332af37dc54FC330faC275,,,,,,
760,0xC1F6EB960A33378Cf1Ab3F4fDa5E252C86CFd888,,,,,,
761,0xC222AD19C1794596b56da3d55c78AfF02f38613D,,,,,,
762,0xC23164024a69a1e77786f4160101ABCb37D0C870,,,,,,
763,0xC26f8b76FdDA14f0cd177c01160E722c5b2789EC,,,,,,
764,0xc2cDa585cf58a632D9010c544911fefdADD5bAb5,,,,,,
765,0xc325019978E79518d88716444F502a1Eeb57Bb90,,,,,,
766,0xc36c98dd7145d949b0293c134b37a55bf430a10c,,,,,,
767,0xC38e07206018140040c940A8cb4102E76C23CB16,,,,,,
768,0xc3A714490fcC7079da3Da7CAD364383f9cB98152,,,,,,
769,0xC3D652320f90f7394B1b9Bf9F322140B936895da,,,,,,
770,0xc3F0F5107fAA0a884d76aC7439F7f74E9186359F,,,,,,
771,0xc4274360a09cbec548ffe5f34c55e3741332412b,,,,,,
772,0xc48f67199f1908826F54F1d92624aE31De4C3281,,,,,,
773,0xC4E752A45829921b7C0AB8C2C6c4877E1F036ddD,,,,,,
774,0xC4eF74a52675c2E70363ED7A108C2b36A57381b9,,,,,,
775,0xc564395f122F3E0c1e846aaD5F0563bA23dB528c,,,,,,
776,0xC59D033b5e5caEB2f28D5258845889E9304A54e1,,,,,,
777,0xc6571c2FB66825F13b7751b1c334810D397618Eb,,,,,,
778,0xC672a6283Aa87efc63EB23A98E3E67Dd6b6D2CC8,,,,,,
779,0xc67b0Ad63A224403f4FbA6A4F4C5B285A64fD5b9,,,,,,
780,0xc69e4e84deB1F5ca416c6957be5c3e58345EC98C,,,,,,
781,0xC6b372e6da2288d8Db7A3e6487B07879D25dC137,,,,,,
782,0xC6f4073519A94AcC029cC334573921F3d0f25dA4,,,,,,
783,0xc77bf20f4CEb6d55CE86a749De6c87768Ec17d08,,,,,,
784,0xC7A096274A41774d7552FFA3Ea32306113DFAb49,,,,,,
785,0xc7E3d685aCcd8110Ab57891906660C030ce300ED,,,,,,
786,0xC7ed1d483F8dE2A4EaFba1a4dDd92ad47d92271c,,,,,,
787,0xC83Ed26b8752920c457124707015838D9210F1f1,,,,,,
788,0xC8F477F8ce1c910C1Af1026a0b9AdDC5a2692d45,,,,,,
789,0xC90715DE026D09fA0646b2783EC8eC6938792735,,,,,,
790,0xC9a984975Be2709d343c14a16B0616694a37aAA7,,,,,,
791,0xc9B57D6F1162F207cb9411DB95750DeB13d6f0BA,,,,,,
792,0xcA601df0c9313F5b5A1317194a656F1E2E178BBB,,,,,,
793,0xcafd5319bA356f1eFfDFD09Dd8996d6d0C169D72,,,,,,
794,0xcb409934ade8922445e060f3315d5531ea284198,,,,,,
795,0xcB7e2a579aE4C067d9fb75bDcA7b06bBfC7cb9C0,,,,,,
796,0xcC5E69634a3CaF673FEf3Cc30DC3BBA5aCb012B6,,,,,,
797,0xcC5f001d2A64bF16Cc75fA766BC451b704494971,,,,,,
798,0xcC8E90627E6BD4F202B0E3e09125e966D09edA79,,,,,,
799,0xCcaBE1173073BB1C2D5adef30E20cb93B533a76b,,,,,,
800,0xcd3d5AD497624b0104Cc3D70198Ab023f96B146D,,,,,,
801,0xce11c9DfF32424334DD652a39f9de419b7558023,,,,,,
802,0xCe5314094799b74fAc79426F2C68D0461245Baa8,,,,,,
803,0xce552dd31321adf1d2be8971049730eda2211aaf,,,,,,
804,0xce7143b60f5Bb19100960537D41D6FA198Ef2BA5,,,,,,
805,0xCEA695F441abE76615b17E09AbD9D5EEd76a40cC,,,,,,
806,0xcEC96fed4B9866fb3C0CaeB5a9C52Ebc693f8e53,,,,,,
807,0xceE3D5b4Ba40546DD01505A677fcd66F9a1120c0,,,,,,
808,0xcf10e2EBa4F3b39a6BB544880a744f51c446b34c,,,,,,
809,0xd01de7b6741fe99f549514a3d0c5ea90c3766c51,,,,,,
810,0xd031CD679c7713f4778e74c78b7F8a0e644928c9,,,,,,
811,0xD060760DE0259AcbDED0609B50B08F5dd7A17773,,,,,,
812,0xd07AF6193693A1432f418E99A31afEA2C8869e79,,,,,,
813,0xD07b372CD00a270640e163B5E95A66C4A9EBBfa9,,,,,,
814,0xD113933A6AE1c087bA4fbC8a5cab263e54731Ef9,,,,,,
815,0xd18204F7D16F06525914A5E9Dd65FcFB3CdCb8Ba,,,,,,
816,0xd18c2C49C39D4E2615C6a734A4003bec48Bc4304,,,,,,
817,0xd1b90ba09b4c56d062014a48d4c9219a67b2b62e,,,,,,
818,0xd217197e7dC5F6F96E690992eE278E966B28b905,,,,,,
819,0xd287d4227dcbab8dd85e5838a0affe09bbdc135c,,,,,,
820,0xd2a61844D1c5da77EA798868501E7B362b849a79,,,,,,
821,0xd2F971E0D896190C4555daf24E6f947b538802c5,,,,,,
822,0xD3407C1c3260b602F332D371FD2FDFDD9a5B3B5a,,,,,,
823,0xD4e9f8f41D72d8E6D84e2B7beE44D2E71618D2Cc,,,,,,
824,0xd55e701908B239D1c37aB3A604098cFeE7ADDf79,,,,,,
825,0xD5616F6694846073FeF6EE9F8234705313DE1B9E,,,,,,
826,0xd564f31DC98E8f3DCB90381E61316A0e21eb3B77,,,,,,
827,0xD620A62a771B6b9904E3471348f2Ee88c9d4eBe4,,,,,,
828,0xd656328d6cdbea5ebb20a3f4f5856de4a4384503,,,,,,
829,0xD6a572E411e8e56a00C7534E8b72A4a801DbF3FB,,,,,,
830,0xD6c1206C3019F8eBA5cdF06E5d97C01eA9dae180,,,,,,
831,0xD6EFfD1b9B42e91FC9e41A8dc3c29473c38e139B,,,,,,
832,0xd7484f8E0F23AE214583CAf07AE5a0890813318e,,,,,,
833,0xd7815C77eae71a5959dA3Af11a2a53fa03BfBE41,,,,,,
834,0xD88d2e89728DCa86E9b73fB9AB03eC1aF419462b,,,,,,
835,0xd8906d1afCa3bc473d9b91BB5209489636d4aB8d,,,,,,
836,0xD8E308e5D8ECCeEba76248343c0C1b159954de0a,,,,,,
837,0xD8E7C6007049e62EFC25a4357bFD27a3D8F13D01,,,,,,
838,0xd8f9b693Ae9b089B4974048f9a8434692b1dd423,,,,,,
839,0xd975368CeE3877C169e4057d4C1A305E15C0506d,,,,,,
840,0xDa070e4b5e4b60b7814852df4ba8bb08C445BfFd,,,,,,
841,0xDA67EF3cd3E85e454f1805bC25948DD3b46CAC9E,,,,,,
842,0xdAB1b54c4FD730a204Bb2ac5A227d594912bcF42,,,,,,
843,0xdB049dF29707FB014c6F1017DB82Bfb214ec5141,,,,,,
844,0xdB6Bf20bfa070Abe995988e46c1ee630F7EA262B,,,,,,
845,0xDBb37712920e6FFc8839F376a0AC9bfFbb3eA9cA,,,,,,
846,0xdC0a01219D6612efDa4E6996E7C367e86924f164,,,,,,
847,0xdCAa71d196F6e77Dba776e5Bdc0FCa8998B654C1,,,,,,
848,0xdcE35E76D560AD36b7Fc00920B196bF7987D37Ed,,,,,,
849,0xDcf68A702b771D7b097b50B837c868d5896271d1,,,,,,
850,0xdD5FD724AfE0e0b6da889C6ba3294A2Fad7F1Fc8,,,,,,
851,0xDD6784D26aE12939f134d914953B513Ed1d8a75F,,,,,,
852,0xdD6D32875b7cE1b3DA2d273DccFdB30D4055fefa,,,,,,
853,0xDd6f3475188364B88187FBf233AF89116C25FC3b,,,,,,
854,0xddd70223131dFe64aF41597E54F73Fb23f6639de,,,,,,
855,0xDE5DE03bC6a452aE3C0813372d86C0005421b1B1,,,,,,
856,0xde80490e870d8abc7c3a8cd47e64a253ff4765e8,,,,,,
857,0xDeBB7fb743adCc9e13E6ABB9d15369f403d32d66,,,,,,
858,0xdfBB4E252c1fB917Ef730b6181fB3fC0a3c74cEC,,,,,,
859,0xE0674D31BD9c0728eFaE03612A40127e8d1B387F,,,,,,
860,0xe099782ddbd30b395b9126476cb69a892aa97217,,,,,,
861,0xe13B9BB1385f40671cfa340F230fCf04b965b912,,,,,,
862,0xE1507d550a667FE4435AB1fEBa3811B303EecA19,,,,,,
863,0xe15c5d19ed35ad871319903f405ce5b133cc3044,,,,,,
864,0xE16c73aBf579f0d3f147a325f3C9Ea1F8A3b570a,,,,,,
865,0xe211d5bd4311dC49cDABa2Ea3638Bbd305DaBDC6,,,,,,
866,0xe26618ff1b9CFa9397B7fBCD583fB22665D4D203,,,,,,
867,0xe2d394fc90D7d7Ad3FF2a03Fd49E806A92C9A1aC,,,,,,
868,0xe3f0D39498a643F6DD59384912b3b7407A75c11f,,,,,,
869,0xe3f308b4da7D7e67d1b785bEECd2AFefb94CA2D7,,,,,,
870,0xE409E073eE7474C381BFD9b3f8809849941B5870,,,,,,
871,0xE430F0b4DE7Ef815786346885a489C79749bD168,,,,,,
872,0xE48b865e4f5Bf801c2e3F94ba35Db7b7615F1453,,,,,,
873,0xe494740Fb980CfC007b0c6CD43351CD54E82444F,,,,,,
874,0xe4C92D79F147B6b2cf26a680D7aed870e02A3Ea4,,,,,,
875,0xE52E21726A21B5B510263278eCBf1d38Ed33ab02,,,,,,
876,0xe59D5e21dF71b13CA4b08872686B43ffa7A53583,,,,,,
877,0xE71B7140365E03e08A28CaCc224419b22e93B887,,,,,,
878,0xE83F2f5678080e655aaf8A0349a649c2c78c82E0,,,,,,
879,0xE8B93FcdeA158E4fe751AfdCfd7c4A7C709adED5,,,,,,
880,0xE8c96BF97851B30fb6b9aC7DED4537F1E483450d,,,,,,
881,0xe8F4CD0699FdCBc9af6e3F50009f11b2a949ef59,,,,,,
882,0xe96F77895224149f520264E3410A9242a19fCf93,,,,,,
883,0xeA0e5fE18A3b53bb0586dFfAF7f5e65306B1Cd2D,,,,,,
884,0xeB506cCc0BA2589fE306E8dDeBC6fC798e814d6D,,,,,,
885,0xeb9018D34b5D689b5bA5019546243bbC108b3cf3,,,,,,
886,0xEbB29C77a453eB6F238d319AaC1CD7A20503F3D3,,,,,,
887,0xebb6a6e92f7B8bEc9694B20c81A7BcC56a7714D5,,,,,,
888,0xEBfCe2CD5382ca08a378Bdbf862621F2C04836Ea,,,,,,
889,0xec715E0bf7f10148A6cF56eB330090bFD39a910f,,,,,,
890,0xEccC201C6dc50b13AF4a1B2C81AF733495feb5dE,,,,,,
891,0xEd0d7B327C7b0950f1E8E7FE46dAF9BD56Da0C86,,,,,,
892,0xEDe58831b566da7b96AAac458C126cE50EF6fbAF,,,,,,
893,0xedeE46E70438874616Be4DdD4dC9BA35336e90E0,,,,,,
894,0xEE6B88Ac6A0BdAdF3ddAf595Bd2036DB5806e6D1,,,,,,
895,0xeEF3Cb641402462BFc3b1996A4E50dCaF8295a29,,,,,,
896,0xef0eD0eD00251B4b7c57524D8c52506Fc0083252,,,,,,
897,0xeF10BCF527F46460935FDdBBFf14dDecEC2Bd55A,,,,,,
898,0xEf3A2Db29270a9837430B8D2Ba49efb17876dA5B,,,,,,
899,0xf02F99dAD5E17F7301899d1703BCE3dbC1f64Ce5,,,,,,
900,0xF147F9e59726bcb1A9dF725ACf5AAe8892aF68f5,,,,,,
901,0xF22664fB51c2e6AF1f048609Be9c7f9BBCabBc77,,,,,,
902,0xf23c9D21bc9EEaE4161Ba62f975b1771490e86d8,,,,,,
903,0xf2ffF4F85aF83f6Ecce871B09eA91e6D63Aa43E0,,,,,,
904,0xf302a7d2A43F92B56db2ef6869e725F65628FE1F,,,,,,
905,0xF33f8a7b29798c56f27970c4B9BB8Cbb3082eaC0,,,,,,
906,0xf3b66cA2514665De5d7A61C11c8Df77ed486Da65,,,,,,
907,0xf498fA3eBAF157020458518ED5070D2a181a51Bc,,,,,,
908,0xf49e303325e9fBdf9DFc05b28C9a83e59EF3CbcA,,,,,,
909,0xf67E5Aa9D51c823C8a92a3F23cAF74120902478d,,,,,,
910,0xF69292416D94867f8045A790F78A37ae7a68CFaE,,,,,,
911,0xf6d404249B0eba60a73Fa9c3FA14e9442F0ee7a5,,,,,,
912,0xf72305593E3adF858b14256EA057aeCA37Bd863D,,,,,,
913,0xf7483bbc368D95333d1d2F4DE1CE996d90023953,,,,,,
914,0xF7AdE9C250835AE762D6a64770f023234ac18a8B,,,,,,
915,0xF7D9148113Dd61d268B53e5664C8a6b393E0A0ef,,,,,,
916,0xF7dF78d02DdeA7b8F627D808f11f0B162EE5b4fE,,,,,,
917,0xf8Df3367a8EAB6BaBe4d3786961A22BB3215Ec70,,,,,,
918,0xf91E8C3A1dFe0f253591f787697e476FC982CE47,,,,,,
919,0xF96b453acd15b5822A5C3a4ef4211CA58027C672,,,,,,
920,0xF9E9a81F0aC92e63827d0BF35c4A1Bb5551eE6df,,,,,,
921,0xFa1907282e8f5acC1bF2970f55B4A266953c694e,,,,,,
922,0xfA3131C617C0C68dE6a2Ff3A7eE14aA1581d71bc,,,,,,
923,0xfA5AcBb250F05798299F21f2Cc7d3D868F49443f,,,,,,
924,0xFa636955c5244d962A45C2F50939cd25c17963Ba,,,,,,
925,0xfa7D5A5EA50989fc25550001F1A48f8ad9E8B0A4,,,,,,
926,0xfABeaAc75601f7a11CD181d4DCCEeC399107658B,,,,,,
927,0xFacE39EBaC9F98c641904f9F59844eA8C48cd617,,,,,,
928,0xFC1Bea7c24BAe9630eB6AFef1D005f3115A71071,,,,,,
929,0xfC3bD2b3E551bB74648D09faC091f146454C711b,,,,,,
930,0xFc7BEdf81fC908dF7117992Ee010f42F69e24233,,,,,,
931,0xfd992CdF1D35a3311A567728851bA99e904B9E41,,,,,,
932,0xfDcFb55383aAE90C6e5ea6a4cC8721cCd8B475c6,,,,,,
933,0xFe1f0C282bBb1Bf18d349F298119aF1C461e025D,,,,,,
934,0xfe4CF7A6AfEd40Eb6aCAEb586Ae025cA7c96225E,,,,,,
935,0xFecAcC4fB4654CaE028C733fDF529E631B8e5dc6,,,,,,
936,0xFf01060AefF6Fa3288A748444166FB8C2F31d5Cb,,,,,,
937,0xff113625b398Ca231947286D0D3bD1513698105D,,,,,,